Experiment,Criterion,Rank,SourceCSV,ConfigName,RunID,LLVM_Pass,MIR_Pass,BinarySize(Bytes),NsPerIter,MBps,TotalRuntime(s),CompileTime(s),Status
hyper,Fastest TotalRuntime(s),1,d:\MIR_LLVM\mir_-llvm\hyper\mir_llvm_hybrid_py\20260319_180449\experiment_results.csv,EXP_DBL_0355,1,early-taildup,DestinationPropagation,15026176,9888840.00,2120,3.104793,29.182094,Success
hyper,Fastest TotalRuntime(s),2,d:\MIR_LLVM\mir_-llvm\hyper\mir_llvm_hybrid_py\20260319_180449\experiment_results.csv,EXP_DBL_0362,1,ifcvt-triangle-rev,DestinationPropagation,15027712,9959060.00,2105,3.112736,31.197899,Success
hyper,Fastest TotalRuntime(s),3,d:\MIR_LLVM\mir_-llvm\hyper\mir_llvm_hybrid_py\20260319_180449\experiment_results.csv,EXP_DBL_0684,1,cgp-select2branch,GVN,15034880,9758270.00,2149,3.144868,32.718009,Success
hyper,Fastest TotalRuntime(s),4,d:\MIR_LLVM\mir_-llvm\hyper\mir_llvm_hybrid_py\20260319_180449\experiment_results.csv,EXP_DBL_0365,1,cgp-ext-ld-promotion,DestinationPropagation,15027712,9701570.00,2161,3.170633,31.498079,Success
hyper,Fastest TotalRuntime(s),5,d:\MIR_LLVM\mir_-llvm\hyper\mir_llvm_hybrid_py\20260319_180449\experiment_results.csv,EXP_DBL_0354,1,early-ifcvt,DestinationPropagation,15027712,9876320.00,2123,3.174285,29.189033,Success
hyper,Fastest TotalRuntime(s),6,d:\MIR_LLVM\mir_-llvm\hyper\mir_llvm_hybrid_py\20260319_180449\experiment_results.csv,EXP_DBL_0678,1,machine-licm,GVN,14977536,9675160.00,2167,3.259591,31.185454,Success
hyper,Fastest TotalRuntime(s),7,d:\MIR_LLVM\mir_-llvm\hyper\mir_llvm_hybrid_py\20260319_180449\experiment_results.csv,EXP_DBL_0353,1,chr,DestinationPropagation,15027712,10270850.00,2041,3.284421,29.705469,Success
hyper,Fastest TotalRuntime(s),8,d:\MIR_LLVM\mir_-llvm\hyper\mir_llvm_hybrid_py\20260319_180449\experiment_results.csv,EXP_DBL_0672,1,vector-combine,GVN,15034880,8991670.00,2332,3.286102,28.560275,Success
hyper,Fastest TotalRuntime(s),9,d:\MIR_LLVM\mir_-llvm\hyper\mir_llvm_hybrid_py\20260319_180449\experiment_results.csv,EXP_DBL_0674,1,lftr,GVN,15034368,9691030.00,2164,3.311790,30.704082,Success
hyper,Fastest TotalRuntime(s),10,d:\MIR_LLVM\mir_-llvm\hyper\mir_llvm_hybrid_py\20260319_180449\experiment_results.csv,EXP_DBL_0357,1,ifcvt-forked-diamond,DestinationPropagation,15027712,10647050.00,1969,3.378527,37.557653,Success
hyper,Smallest BinarySize(Bytes),1,d:\MIR_LLVM\mir_-llvm\hyper\mir_llvm_hybrid_py\20260319_180449\experiment_results.csv,EXP_DBL_0930,1,block-placement,InstSimplify-after-simplifycfg,14964224,7217370.00,2905,6.493763,24.963052,Success
hyper,Smallest BinarySize(Bytes),2,d:\MIR_LLVM\mir_-llvm\hyper\mir_llvm_hybrid_py\20260319_180449\experiment_results.csv,EXP_DBL_0349,1,block-placement,DestinationPropagation,14964736,7394770.00,2835,6.951706,25.599743,Success
hyper,Smallest BinarySize(Bytes),3,d:\MIR_LLVM\mir_-llvm\hyper\mir_llvm_hybrid_py\20260319_180449\experiment_results.csv,EXP_ABL_017_disable-block-placement,1,block-placement,N/A,14967296,7501435.00,2795,7.174921,25.573607,Success
hyper,Smallest BinarySize(Bytes),4,d:\MIR_LLVM\mir_-llvm\hyper\mir_llvm_hybrid_py\20260319_180449\experiment_results.csv,EXP_DBL_0100,1,block-placement,DataflowConstProp,14967296,7246515.00,2894,6.729855,25.637625,Success
hyper,Smallest BinarySize(Bytes),5,d:\MIR_LLVM\mir_-llvm\hyper\mir_llvm_hybrid_py\20260319_180449\experiment_results.csv,EXP_DBL_0266,1,block-placement,DeadStoreElimination-initial,14967296,7332165.00,2860,6.949600,25.963521,Success
hyper,Smallest BinarySize(Bytes),6,d:\MIR_LLVM\mir_-llvm\hyper\mir_llvm_hybrid_py\20260319_180449\experiment_results.csv,EXP_DBL_0432,1,block-placement,EarlyOtherwiseBranch,14967296,10249665.00,2046,8.450770,28.734480,Success
hyper,Smallest BinarySize(Bytes),7,d:\MIR_LLVM\mir_-llvm\hyper\mir_llvm_hybrid_py\20260319_180449\experiment_results.csv,EXP_DBL_0515,1,block-placement,EnumSizeOpt,14967296,7334460.00,2859,6.938378,26.367210,Success
hyper,Smallest BinarySize(Bytes),8,d:\MIR_LLVM\mir_-llvm\hyper\mir_llvm_hybrid_py\20260319_180449\experiment_results.csv,EXP_DBL_0598,1,block-placement,ForceInline,14967296,10258445.00,2044,8.339632,27.691522,Success
hyper,Smallest BinarySize(Bytes),9,d:\MIR_LLVM\mir_-llvm\hyper\mir_llvm_hybrid_py\20260319_180449\experiment_results.csv,EXP_DBL_0764,1,block-placement,ImpossiblePredicates,14967296,7372905.00,2844,6.839520,24.758181,Success
hyper,Smallest BinarySize(Bytes),10,d:\MIR_LLVM\mir_-llvm\hyper\mir_llvm_hybrid_py\20260319_180449\experiment_results.csv,EXP_DBL_1013,1,block-placement,InstSimplify-before-inline,14967296,6802030.00,3083,6.490387,25.477998,Success
hyper,Shortest CompileTime(s),1,d:\MIR_LLVM\mir_-llvm\hyper\mir_llvm_hybrid_py\20260319_180449\experiment_results.csv,EXP_DBL_1175,1,lsr,MatchBranchSimplification,15026688,6498115.00,3227,6.218669,24.112126,Success
hyper,Shortest CompileTime(s),2,d:\MIR_LLVM\mir_-llvm\hyper\mir_llvm_hybrid_py\20260319_180449\experiment_results.csv,EXP_DBL_1171,1,advanced-peeling,MatchBranchSimplification,15028736,6712755.00,3124,6.485746,24.187530,Success
hyper,Shortest CompileTime(s),3,d:\MIR_LLVM\mir_-llvm\hyper\mir_llvm_hybrid_py\20260319_180449\experiment_results.csv,EXP_DBL_1206,3,icp,MatchBranchSimplification,15030272,6644060.00,3156,6.744148,24.205576,Success
hyper,Shortest CompileTime(s),4,d:\MIR_LLVM\mir_-llvm\hyper\mir_llvm_hybrid_py\20260319_180449\experiment_results.csv,EXP_DBL_1194,1,tail-duplicate,MatchBranchSimplification,15029760,6677260.00,3140,6.215609,24.232752,Success
hyper,Shortest CompileTime(s),5,d:\MIR_LLVM\mir_-llvm\hyper\mir_llvm_hybrid_py\20260319_180449\experiment_results.csv,EXP_DBL_0829,3,spill-fusing,ImpossiblePredicates,15043584,6964370.00,3011,7.230003,24.246864,Success
hyper,Shortest CompileTime(s),6,d:\MIR_LLVM\mir_-llvm\hyper\mir_llvm_hybrid_py\20260319_180449\experiment_results.csv,EXP_DBL_1170,2,vector-combine,MatchBranchSimplification,15030272,6717545.00,3121,6.969524,24.250755,Success
hyper,Shortest CompileTime(s),7,d:\MIR_LLVM\mir_-llvm\hyper\mir_llvm_hybrid_py\20260319_180449\experiment_results.csv,EXP_DBL_1198,2,separate-const-offset-from-gep,MatchBranchSimplification,15030272,6583465.00,3185,6.782912,24.273471,Success
hyper,Shortest CompileTime(s),8,d:\MIR_LLVM\mir_-llvm\hyper\mir_llvm_hybrid_py\20260319_180449\experiment_results.csv,EXP_DBL_1069,3,cgp-gc-opts,InstSimplify-before-inline,15029760,6824075.00,3073,7.044510,24.305256,Success
hyper,Shortest CompileTime(s),9,d:\MIR_LLVM\mir_-llvm\hyper\mir_llvm_hybrid_py\20260319_180449\experiment_results.csv,EXP_DBL_1076,2,peephole,InstSimplify-before-inline,15071232,6832160.00,3069,6.921071,24.317493,Success
hyper,Shortest CompileTime(s),10,d:\MIR_LLVM\mir_-llvm\hyper\mir_llvm_hybrid_py\20260319_180449\experiment_results.csv,EXP_DBL_1210,3,mergeicmps,MatchBranchSimplification,15030272,6546455.00,3203,6.793926,24.332655,Success
regex,Fastest TotalRuntime(s),1,d:\MIR_LLVM\mir_-llvm\regex\mir_llvm_hybrid_py\20260310_224816\experiment_results.csv,EXP_DBL_1638,1,last-run-tracking,UnreachablePropagation,43870920,,,7.756657,53.994080,Success
regex,Fastest TotalRuntime(s),2,d:\MIR_LLVM\mir_-llvm\regex\mir_llvm_hybrid_py\20260310_224816\experiment_results.csv,EXP_DBL_1297,1,preinline,ReferencePropagation,43600296,,,7.791694,55.064360,Success
regex,Fastest TotalRuntime(s),3,d:\MIR_LLVM\mir_-llvm\regex\mir_llvm_hybrid_py\20260310_224816\experiment_results.csv,EXP_DBL_0710,2,machine-dce,GVN,43838776,,,7.855385,53.751036,Success
regex,Fastest TotalRuntime(s),4,d:\MIR_LLVM\mir_-llvm\regex\mir_llvm_hybrid_py\20260310_224816\experiment_results.csv,EXP_DBL_1117,3,cgp-delete-phis,JumpThreading,43404104,,,7.855431,45.497378,Success
regex,Fastest TotalRuntime(s),5,d:\MIR_LLVM\mir_-llvm\regex\mir_llvm_hybrid_py\20260310_224816\experiment_results.csv,EXP_DBL_0854,3,ifcvt-diamond,Inline,43210432,,,7.859840,49.442156,Success
regex,Fastest TotalRuntime(s),6,d:\MIR_LLVM\mir_-llvm\regex\mir_llvm_hybrid_py\20260310_224816\experiment_results.csv,EXP_DBL_1267,2,early-ifcvt,ReferencePropagation,43600296,,,7.860348,56.920201,Success
regex,Fastest TotalRuntime(s),7,d:\MIR_LLVM\mir_-llvm\regex\mir_llvm_hybrid_py\20260310_224816\experiment_results.csv,EXP_DBL_1252,3,replace-with-vec-lib,ReferencePropagation,43600296,,,7.861579,57.017084,Success
regex,Fastest TotalRuntime(s),8,d:\MIR_LLVM\mir_-llvm\regex\mir_llvm_hybrid_py\20260310_224816\experiment_results.csv,EXP_DBL_1328,3,strictnode-mutation,ReferencePropagation,43600296,,,7.871928,53.489376,Success
regex,Fastest TotalRuntime(s),9,d:\MIR_LLVM\mir_-llvm\regex\mir_llvm_hybrid_py\20260310_224816\experiment_results.csv,EXP_DBL_1643,3,ra-fsprofile-loader,UnreachablePropagation,43870920,,,7.881740,53.054798,Success
regex,Fastest TotalRuntime(s),10,d:\MIR_LLVM\mir_-llvm\regex\mir_llvm_hybrid_py\20260310_224816\experiment_results.csv,EXP_DBL_1287,3,demotion,ReferencePropagation,43600296,,,7.889516,56.799592,Success
regex,Smallest BinarySize(Bytes),1,d:\MIR_LLVM\mir_-llvm\regex\mir_llvm_hybrid_py\20260310_224816\experiment_results.csv,EXP_DBL_0847,1,block-placement,Inline,42537968,,,8.468723,51.177343,Success
regex,Smallest BinarySize(Bytes),2,d:\MIR_LLVM\mir_-llvm\regex\mir_llvm_hybrid_py\20260310_224816\experiment_results.csv,EXP_DBL_1096,1,block-placement,JumpThreading,42791176,,,8.026516,49.154134,Success
regex,Smallest BinarySize(Bytes),3,d:\MIR_LLVM\mir_-llvm\regex\mir_llvm_hybrid_py\20260310_224816\experiment_results.csv,EXP_DBL_1262,1,block-placement,ReferencePropagation,42919424,,,8.320353,56.611834,Success
regex,Smallest BinarySize(Bytes),4,d:\MIR_LLVM\mir_-llvm\regex\mir_llvm_hybrid_py\20260310_224816\experiment_results.csv,EXP_DBL_0017,1,block-placement,CopyProp,42963680,,,14.691333,57.717131,Success
regex,Smallest BinarySize(Bytes),5,d:\MIR_LLVM\mir_-llvm\regex\mir_llvm_hybrid_py\20260310_224816\experiment_results.csv,EXP_DBL_0266,1,block-placement,DeadStoreElimination-initial,43078224,,,46.212487,54.405858,Success
regex,Smallest BinarySize(Bytes),6,d:\MIR_LLVM\mir_-llvm\regex\mir_llvm_hybrid_py\20260310_224816\experiment_results.csv,EXP_DBL_1345,1,block-placement,ScalarReplacementOfAggregates,43118648,,,9.126914,53.666947,Success
regex,Smallest BinarySize(Bytes),7,d:\MIR_LLVM\mir_-llvm\regex\mir_llvm_hybrid_py\20260310_224816\experiment_results.csv,EXP_DBL_1428,1,block-placement,SingleUseConsts,43131208,,,8.215435,55.562859,Success
regex,Smallest BinarySize(Bytes),8,d:\MIR_LLVM\mir_-llvm\regex\mir_llvm_hybrid_py\20260310_224816\experiment_results.csv,EXP_DBL_1179,1,block-placement,MatchBranchSimplification,43150208,,,8.977590,60.558503,Success
regex,Smallest BinarySize(Bytes),9,d:\MIR_LLVM\mir_-llvm\regex\mir_llvm_hybrid_py\20260310_224816\experiment_results.csv,EXP_DBL_0839,1,advanced-peeling,Inline,43151848,,,8.680596,52.211488,Success
regex,Smallest BinarySize(Bytes),10,d:\MIR_LLVM\mir_-llvm\regex\mir_llvm_hybrid_py\20260310_224816\experiment_results.csv,EXP_000_ALL_OFF,1,None,All,43157752,,,8.680134,49.333731,Success
regex,Shortest CompileTime(s),1,d:\MIR_LLVM\mir_-llvm\regex\mir_llvm_hybrid_py\20260310_224816\experiment_results.csv,EXP_DBL_1119,2,constant-hoisting,JumpThreading,43397064,,,8.002690,42.583092,Success
regex,Shortest CompileTime(s),2,d:\MIR_LLVM\mir_-llvm\regex\mir_llvm_hybrid_py\20260310_224816\experiment_results.csv,EXP_DBL_1122,2,gep-const-evaluation,JumpThreading,43404024,,,8.105593,42.869985,Success
regex,Shortest CompileTime(s),3,d:\MIR_LLVM\mir_-llvm\regex\mir_llvm_hybrid_py\20260310_224816\experiment_results.csv,EXP_DBL_1123,1,icp,JumpThreading,43404024,,,7.935282,42.889058,Success
regex,Shortest CompileTime(s),4,d:\MIR_LLVM\mir_-llvm\regex\mir_llvm_hybrid_py\20260310_224816\experiment_results.csv,EXP_DBL_1117,1,cgp-delete-phis,JumpThreading,43404104,,,8.150752,42.898872,Success
regex,Shortest CompileTime(s),5,d:\MIR_LLVM\mir_-llvm\regex\mir_llvm_hybrid_py\20260310_224816\experiment_results.csv,EXP_DBL_1118,3,cleanups,JumpThreading,43404024,,,8.141664,43.078499,Success
regex,Shortest CompileTime(s),6,d:\MIR_LLVM\mir_-llvm\regex\mir_llvm_hybrid_py\20260310_224816\experiment_results.csv,EXP_DBL_1120,1,copyprop,JumpThreading,43398344,,,8.096808,43.194506,Success
regex,Shortest CompileTime(s),7,d:\MIR_LLVM\mir_-llvm\regex\mir_llvm_hybrid_py\20260310_224816\experiment_results.csv,EXP_DBL_1116,1,adv-copy-opt,JumpThreading,43403960,,,8.870443,43.328201,Success
regex,Shortest CompileTime(s),8,d:\MIR_LLVM\mir_-llvm\regex\mir_llvm_hybrid_py\20260310_224816\experiment_results.csv,EXP_DBL_1114,3,memop-opt,JumpThreading,43404024,,,7.990683,43.336414,Success
regex,Shortest CompileTime(s),9,d:\MIR_LLVM\mir_-llvm\regex\mir_llvm_hybrid_py\20260310_224816\experiment_results.csv,EXP_DBL_1121,2,demotion,JumpThreading,43404024,,,8.389634,43.501912,Success
regex,Shortest CompileTime(s),10,d:\MIR_LLVM\mir_-llvm\regex\mir_llvm_hybrid_py\20260310_224816\experiment_results.csv,EXP_DBL_1115,1,separate-const-offset-from-gep,JumpThreading,43404024,,,8.126449,43.537120,Success
ripgrep,Fastest TotalRuntime(s),1,d:\MIR_LLVM\mir_-llvm\ripgrep\results\experiment_results.csv,EXP_DBL_1092,3,lsr,JumpThreading,29635856,,,2.707740,42.522277,Success
ripgrep,Fastest TotalRuntime(s),2,d:\MIR_LLVM\mir_-llvm\ripgrep\results\experiment_results.csv,EXP_DBL_1497,2,interleaved-load-combine,UnreachableEnumBranching,29564544,,,2.725015,36.763204,Success
ripgrep,Fastest TotalRuntime(s),3,d:\MIR_LLVM\mir_-llvm\ripgrep\results\experiment_results.csv,EXP_DBL_1507,2,lsr,UnreachableEnumBranching,29613584,,,2.727787,36.741100,Success
ripgrep,Fastest TotalRuntime(s),4,d:\MIR_LLVM\mir_-llvm\ripgrep\results\experiment_results.csv,EXP_DBL_1009,3,lsr,InstSimplify-before-inline,29611528,,,2.728624,41.358386,Success
ripgrep,Fastest TotalRuntime(s),5,d:\MIR_LLVM\mir_-llvm\ripgrep\results\experiment_results.csv,EXP_DBL_1498,1,loop-idiom-vectorize-all,UnreachableEnumBranching,29564544,,,2.736120,36.819111,Success
ripgrep,Fastest TotalRuntime(s),6,d:\MIR_LLVM\mir_-llvm\ripgrep\results\experiment_results.csv,EXP_DBL_1023,2,ifcvt-simple-false,InstSimplify-before-inline,29564264,,,2.752940,42.559619,Success
ripgrep,Fastest TotalRuntime(s),7,d:\MIR_LLVM\mir_-llvm\ripgrep\results\experiment_results.csv,EXP_DBL_1499,1,loop-idiom-vectorize-bytecmp,UnreachableEnumBranching,29564544,,,2.753672,37.115607,Success
ripgrep,Fastest TotalRuntime(s),8,d:\MIR_LLVM\mir_-llvm\ripgrep\results\experiment_results.csv,EXP_DBL_1496,3,expand-reductions,UnreachableEnumBranching,29564520,,,2.759121,48.074047,Success
ripgrep,Fastest TotalRuntime(s),9,d:\MIR_LLVM\mir_-llvm\ripgrep\results\experiment_results.csv,EXP_DBL_1500,1,promote-alloca-to-vector,UnreachableEnumBranching,29564544,,,2.761720,37.049038,Success
ripgrep,Fastest TotalRuntime(s),10,d:\MIR_LLVM\mir_-llvm\ripgrep\results\experiment_results.csv,EXP_DBL_0981,2,thinlto-funcattrs,InstSimplify-after-simplifycfg,29601952,,,2.762305,42.560234,Success
ripgrep,Smallest BinarySize(Bytes),1,d:\MIR_LLVM\mir_-llvm\ripgrep\results\experiment_results.csv,EXP_DBL_0847,1,block-placement,Inline,28845272,,,3.479824,49.838118,Success
ripgrep,Smallest BinarySize(Bytes),2,d:\MIR_LLVM\mir_-llvm\ripgrep\results\experiment_results.csv,EXP_DBL_0839,1,advanced-peeling,Inline,29152896,,,6.231153,48.444648,Success
ripgrep,Smallest BinarySize(Bytes),3,d:\MIR_LLVM\mir_-llvm\ripgrep\results\experiment_results.csv,EXP_DBL_0876,1,machine-dce,Inline,29157912,,,3.342250,47.338011,Success
ripgrep,Smallest BinarySize(Bytes),4,d:\MIR_LLVM\mir_-llvm\ripgrep\results\experiment_results.csv,EXP_DBL_0870,1,constant-hoisting,Inline,29159384,,,3.099689,52.214367,Success
ripgrep,Smallest BinarySize(Bytes),5,d:\MIR_LLVM\mir_-llvm\ripgrep\results\experiment_results.csv,EXP_DBL_0881,1,postra-machine-sink,Inline,29160696,,,3.546000,47.879797,Success
ripgrep,Smallest BinarySize(Bytes),6,d:\MIR_LLVM\mir_-llvm\ripgrep\results\experiment_results.csv,EXP_DBL_0880,1,phi-elim-edge-splitting,Inline,29163792,,,3.388342,47.570950,Success
ripgrep,Smallest BinarySize(Bytes),7,d:\MIR_LLVM\mir_-llvm\ripgrep\results\experiment_results.csv,EXP_DBL_0844,1,machine-licm,Inline,29165144,,,3.412936,48.108036,Success
ripgrep,Smallest BinarySize(Bytes),8,d:\MIR_LLVM\mir_-llvm\ripgrep\results\experiment_results.csv,EXP_DBL_0840,1,lftr,Inline,29168960,,,3.303824,47.521001,Success
ripgrep,Smallest BinarySize(Bytes),9,d:\MIR_LLVM\mir_-llvm\ripgrep\results\experiment_results.csv,EXP_DBL_0862,1,tail-duplicate,Inline,29170496,,,3.275281,48.990544,Success
ripgrep,Smallest BinarySize(Bytes),10,d:\MIR_LLVM\mir_-llvm\ripgrep\results\experiment_results.csv,EXP_DBL_0850,1,cgp-select2branch,Inline,29173472,,,3.212049,50.075446,Success
ripgrep,Shortest CompileTime(s),1,d:\MIR_LLVM\mir_-llvm\ripgrep\results\experiment_results.csv,EXP_DBL_1505,1,licm-promotion,UnreachableEnumBranching,29560896,,,2.859427,36.009330,Success
ripgrep,Shortest CompileTime(s),2,d:\MIR_LLVM\mir_-llvm\ripgrep\results\experiment_results.csv,EXP_DBL_1502,2,vector-combine,UnreachableEnumBranching,29565216,,,2.886684,36.030025,Success
ripgrep,Shortest CompileTime(s),3,d:\MIR_LLVM\mir_-llvm\ripgrep\results\experiment_results.csv,EXP_DBL_1507,1,lsr,UnreachableEnumBranching,29613584,,,2.739514,36.122980,Success
ripgrep,Shortest CompileTime(s),4,d:\MIR_LLVM\mir_-llvm\ripgrep\results\experiment_results.csv,EXP_DBL_1506,2,loop-level-heuristics,UnreachableEnumBranching,29564544,,,2.793402,36.128691,Success
ripgrep,Shortest CompileTime(s),5,d:\MIR_LLVM\mir_-llvm\ripgrep\results\experiment_results.csv,EXP_DBL_1498,2,loop-idiom-vectorize-all,UnreachableEnumBranching,29564544,,,2.770777,36.326079,Success
ripgrep,Shortest CompileTime(s),6,d:\MIR_LLVM\mir_-llvm\ripgrep\results\experiment_results.csv,EXP_DBL_1503,3,advanced-peeling,UnreachableEnumBranching,29522496,,,2.773630,36.385370,Success
ripgrep,Shortest CompileTime(s),7,d:\MIR_LLVM\mir_-llvm\ripgrep\results\experiment_results.csv,EXP_DBL_1501,1,replace-with-vec-lib,UnreachableEnumBranching,29564544,,,2.871338,36.512631,Success
ripgrep,Shortest CompileTime(s),8,d:\MIR_LLVM\mir_-llvm\ripgrep\results\experiment_results.csv,EXP_DBL_1497,2,interleaved-load-combine,UnreachableEnumBranching,29564544,,,2.725015,36.763204,Success
ripgrep,Shortest CompileTime(s),9,d:\MIR_LLVM\mir_-llvm\ripgrep\results\experiment_results.csv,EXP_DBL_1508,1,machine-licm,UnreachableEnumBranching,29553552,,,2.985395,36.891372,Success
ripgrep,Shortest CompileTime(s),10,d:\MIR_LLVM\mir_-llvm\ripgrep\results\experiment_results.csv,EXP_DBL_1504,2,lftr,UnreachableEnumBranching,29558360,,,2.767403,36.894183,Success
serde_test,Fastest TotalRuntime(s),1,d:\MIR_LLVM\mir_-llvm\serde_test\results\Double\ML_260301\experiment_results.csv,EXP_DBL_1251,1,promote-alloca-to-vector,ReferencePropagation,626600,,,15.994000,15.606825,Success
serde_test,Fastest TotalRuntime(s),2,d:\MIR_LLVM\mir_-llvm\serde_test\results\Double\ML_260301\experiment_results.csv,EXP_DBL_0047,1,machine-sink,CopyProp,627032,,,16.015500,14.562100,Success
serde_test,Fastest TotalRuntime(s),3,d:\MIR_LLVM\mir_-llvm\serde_test\results\Double\ML_260301\experiment_results.csv,EXP_DBL_1252,1,replace-with-vec-lib,ReferencePropagation,626600,,,16.037100,17.608458,Success
serde_test,Fastest TotalRuntime(s),4,d:\MIR_LLVM\mir_-llvm\serde_test\results\Double\ML_260301\experiment_results.csv,EXP_DBL_1263,3,branch-fold,ReferencePropagation,627208,,,16.170500,15.700013,Success
serde_test,Fastest TotalRuntime(s),5,d:\MIR_LLVM\mir_-llvm\serde_test\results\Double\ML_260301\experiment_results.csv,EXP_DBL_0426,2,licm-promotion,EarlyOtherwiseBranch,625904,,,16.181300,15.909450,Success
serde_test,Fastest TotalRuntime(s),6,d:\MIR_LLVM\mir_-llvm\serde_test\results\Double\ML_260301\experiment_results.csv,EXP_DBL_0432,3,block-placement,EarlyOtherwiseBranch,624056,,,16.184800,13.761355,Success
serde_test,Fastest TotalRuntime(s),7,d:\MIR_LLVM\mir_-llvm\serde_test\results\Double\ML_260301\experiment_results.csv,EXP_DBL_0613,1,tail-duplicate,ForceInline,627192,,,16.194400,14.461816,Success
serde_test,Fastest TotalRuntime(s),8,d:\MIR_LLVM\mir_-llvm\serde_test\results\Double\ML_260301\experiment_results.csv,EXP_DBL_0545,2,machine-sink,EnumSizeOpt,627032,,,16.207600,13.387042,Success
serde_test,Fastest TotalRuntime(s),9,d:\MIR_LLVM\mir_-llvm\serde_test\results\Double\ML_260301\experiment_results.csv,EXP_DBL_0494,3,partial-libcall-inlining,EarlyOtherwiseBranch,627256,,,16.215300,14.688598,Success
serde_test,Fastest TotalRuntime(s),10,d:\MIR_LLVM\mir_-llvm\serde_test\results\Double\ML_260301\experiment_results.csv,EXP_DBL_0455,1,constant-hoisting,EarlyOtherwiseBranch,627336,,,16.228500,14.178525,Success
serde_test,Smallest BinarySize(Bytes),1,d:\MIR_LLVM\mir_-llvm\serde_test\results\Double\ML_260301\experiment_results.csv,EXP_DBL_1428,1,block-placement,SingleUseConsts,623248,,,16.948800,13.515502,Success
serde_test,Smallest BinarySize(Bytes),2,d:\MIR_LLVM\mir_-llvm\serde_test\results\Double\ML_260301\experiment_results.csv,EXP_DBL_1594,1,block-placement,UnreachablePropagation,623248,,,17.741600,15.618081,Success
serde_test,Smallest BinarySize(Bytes),3,d:\MIR_LLVM\mir_-llvm\serde_test\results\Double\ML_260301\experiment_results.csv,EXP_DBL_1511,1,block-placement,UnreachableEnumBranching,623264,,,16.566500,14.784871,Success
serde_test,Smallest BinarySize(Bytes),4,d:\MIR_LLVM\mir_-llvm\serde_test\results\Double\ML_260301\experiment_results.csv,EXP_DBL_1345,1,block-placement,ScalarReplacementOfAggregates,623304,,,16.521300,14.064743,Success
serde_test,Smallest BinarySize(Bytes),5,d:\MIR_LLVM\mir_-llvm\serde_test\results\Double\ML_260301\experiment_results.csv,EXP_DBL_1262,1,block-placement,ReferencePropagation,623384,,,16.756500,16.043762,Success
serde_test,Smallest BinarySize(Bytes),6,d:\MIR_LLVM\mir_-llvm\serde_test\results\Double\ML_260301\experiment_results.csv,EXP_DBL_0681,1,block-placement,GVN,623832,,,17.444400,15.793323,Success
serde_test,Smallest BinarySize(Bytes),7,d:\MIR_LLVM\mir_-llvm\serde_test\results\Double\ML_260301\experiment_results.csv,EXP_DBL_0183,1,block-placement,DeadStoreElimination-final,624024,,,16.636000,13.240654,Success
serde_test,Smallest BinarySize(Bytes),8,d:\MIR_LLVM\mir_-llvm\serde_test\results\Double\ML_260301\experiment_results.csv,EXP_DBL_0017,1,block-placement,CopyProp,624056,,,16.530300,14.335595,Success
serde_test,Smallest BinarySize(Bytes),9,d:\MIR_LLVM\mir_-llvm\serde_test\results\Double\ML_260301\experiment_results.csv,EXP_DBL_0100,1,block-placement,DataflowConstProp,624056,,,16.453000,15.367046,Success
serde_test,Smallest BinarySize(Bytes),10,d:\MIR_LLVM\mir_-llvm\serde_test\results\Double\ML_260301\experiment_results.csv,EXP_DBL_0266,1,block-placement,DeadStoreElimination-initial,624056,,,16.627100,14.795750,Success
serde_test,Shortest CompileTime(s),1,d:\MIR_LLVM\mir_-llvm\serde_test\results\Double\ML_260301\experiment_results.csv,EXP_DBL_1565,1,2addr-hack,UnreachableEnumBranching,626496,,,16.558500,11.591578,Success
serde_test,Shortest CompileTime(s),2,d:\MIR_LLVM\mir_-llvm\serde_test\results\Double\ML_260301\experiment_results.csv,EXP_DBL_1524,2,ifcvt-triangle-rev,UnreachableEnumBranching,626496,,,16.734800,11.680890,Success
serde_test,Shortest CompileTime(s),3,d:\MIR_LLVM\mir_-llvm\serde_test\results\Double\ML_260301\experiment_results.csv,EXP_DBL_1526,1,tail-duplicate,UnreachableEnumBranching,626432,,,16.541500,11.759490,Success
serde_test,Shortest CompileTime(s),4,d:\MIR_LLVM\mir_-llvm\serde_test\results\Double\ML_260301\experiment_results.csv,EXP_DBL_1543,2,non-allocatable-phys-copy-opt,UnreachableEnumBranching,626496,,,16.851400,11.774408,Success
serde_test,Shortest CompileTime(s),5,d:\MIR_LLVM\mir_-llvm\serde_test\results\Double\ML_260301\experiment_results.csv,EXP_DBL_1552,2,cfi-fixup,UnreachableEnumBranching,626496,,,16.462600,11.903664,Success
serde_test,Shortest CompileTime(s),6,d:\MIR_LLVM\mir_-llvm\serde_test\results\Double\ML_260301\experiment_results.csv,EXP_DBL_1535,2,copyprop,UnreachableEnumBranching,626624,,,16.669400,11.911180,Success
serde_test,Shortest CompileTime(s),7,d:\MIR_LLVM\mir_-llvm\serde_test\results\Double\ML_260301\experiment_results.csv,EXP_DBL_1536,2,demotion,UnreachableEnumBranching,626496,,,16.722400,11.943008,Success
serde_test,Shortest CompileTime(s),8,d:\MIR_LLVM\mir_-llvm\serde_test\results\Double\ML_260301\experiment_results.csv,EXP_DBL_1562,1,thinlto-funcattrs,UnreachableEnumBranching,626496,,,16.603100,11.951634,Success
serde_test,Shortest CompileTime(s),9,d:\MIR_LLVM\mir_-llvm\serde_test\results\Double\ML_260301\experiment_results.csv,EXP_DBL_1530,3,separate-const-offset-from-gep,UnreachableEnumBranching,626496,,,16.826900,11.978098,Success
serde_test,Shortest CompileTime(s),10,d:\MIR_LLVM\mir_-llvm\serde_test\results\Double\ML_260301\experiment_results.csv,EXP_DBL_1566,1,cgp,UnreachableEnumBranching,627056,,,17.629400,12.000295,Success
tokio,Fastest TotalRuntime(s),1,d:\MIR_LLVM\mir_-llvm\tokio\mir_llvm_hybrid_py\20260315_201152\experiment_results.csv,EXP_DBL_1427,1,preheader-prot,SingleUseConsts,3082240,,,9.051061,25.689136,Success
tokio,Fastest TotalRuntime(s),2,d:\MIR_LLVM\mir_-llvm\tokio\mir_llvm_hybrid_py\20260315_201152\experiment_results.csv,EXP_DBL_0712,3,mergeicmps,GVN,3079168,,,9.052241,24.939305,Success
tokio,Fastest TotalRuntime(s),3,d:\MIR_LLVM\mir_-llvm\tokio\mir_llvm_hybrid_py\20260315_201152\experiment_results.csv,EXP_DBL_1274,1,ifcvt-triangle-false,ReferencePropagation,3079168,,,9.074838,25.803673,Success
tokio,Fastest TotalRuntime(s),4,d:\MIR_LLVM\mir_-llvm\tokio\mir_llvm_hybrid_py\20260315_201152\experiment_results.csv,EXP_DBL_1057,2,last-run-tracking,InstSimplify-before-inline,3082240,,,9.082190,39.402168,Success
tokio,Fastest TotalRuntime(s),5,d:\MIR_LLVM\mir_-llvm\tokio\mir_llvm_hybrid_py\20260315_201152\experiment_results.csv,EXP_DBL_0802,1,type-promotion,ImpossiblePredicates,3082240,,,9.102725,37.520694,Success
tokio,Fastest TotalRuntime(s),6,d:\MIR_LLVM\mir_-llvm\tokio\mir_llvm_hybrid_py\20260315_201152\experiment_results.csv,EXP_DBL_0309,2,global-outlining,DeadStoreElimination-initial,3080192,,,9.105276,50.000360,Success
tokio,Fastest TotalRuntime(s),7,d:\MIR_LLVM\mir_-llvm\tokio\mir_llvm_hybrid_py\20260315_201152\experiment_results.csv,EXP_DBL_0775,1,ifcvt-triangle,ImpossiblePredicates,3082240,,,9.111429,34.761259,Success
tokio,Fastest TotalRuntime(s),8,d:\MIR_LLVM\mir_-llvm\tokio\mir_llvm_hybrid_py\20260315_201152\experiment_results.csv,EXP_DBL_1405,2,mr-partial-inlining,ScalarReplacementOfAggregates,3077120,,,9.116029,25.798394,Success
tokio,Fastest TotalRuntime(s),9,d:\MIR_LLVM\mir_-llvm\tokio\mir_llvm_hybrid_py\20260315_201152\experiment_results.csv,EXP_DBL_1384,2,auto-upgrade-debug-info,ScalarReplacementOfAggregates,3077120,,,9.116385,25.862565,Success
tokio,Fastest TotalRuntime(s),10,d:\MIR_LLVM\mir_-llvm\tokio\mir_llvm_hybrid_py\20260315_201152\experiment_results.csv,EXP_DBL_1435,2,ifcvt-diamond,SingleUseConsts,3082752,,,9.116497,25.652465,Success
tokio,Smallest BinarySize(Bytes),1,d:\MIR_LLVM\mir_-llvm\tokio\mir_llvm_hybrid_py\20260315_201152\experiment_results.csv,EXP_DBL_0847,1,block-placement,Inline,3001344,,,9.427432,39.060826,Success
tokio,Smallest BinarySize(Bytes),2,d:\MIR_LLVM\mir_-llvm\tokio\mir_llvm_hybrid_py\20260315_201152\experiment_results.csv,EXP_DBL_0017,1,block-placement,CopyProp,3014656,,,9.367472,38.823314,Success
tokio,Smallest BinarySize(Bytes),3,d:\MIR_LLVM\mir_-llvm\tokio\mir_llvm_hybrid_py\20260315_201152\experiment_results.csv,EXP_DBL_1345,1,block-placement,ScalarReplacementOfAggregates,3017728,,,11.736376,25.944327,Success
tokio,Smallest BinarySize(Bytes),4,d:\MIR_LLVM\mir_-llvm\tokio\mir_llvm_hybrid_py\20260315_201152\experiment_results.csv,EXP_DBL_0681,1,block-placement,GVN,3019264,,,11.618103,26.320779,Success
tokio,Smallest BinarySize(Bytes),5,d:\MIR_LLVM\mir_-llvm\tokio\mir_llvm_hybrid_py\20260315_201152\experiment_results.csv,EXP_DBL_1262,1,block-placement,ReferencePropagation,3019264,,,9.508939,25.820006,Success
tokio,Smallest BinarySize(Bytes),6,d:\MIR_LLVM\mir_-llvm\tokio\mir_llvm_hybrid_py\20260315_201152\experiment_results.csv,EXP_DBL_0266,1,block-placement,DeadStoreElimination-initial,3020288,,,9.672698,49.545872,Success
tokio,Smallest BinarySize(Bytes),7,d:\MIR_LLVM\mir_-llvm\tokio\mir_llvm_hybrid_py\20260315_201152\experiment_results.csv,EXP_DBL_1511,1,block-placement,UnreachableEnumBranching,3021312,,,9.277383,26.129104,Success
tokio,Smallest BinarySize(Bytes),8,d:\MIR_LLVM\mir_-llvm\tokio\mir_llvm_hybrid_py\20260315_201152\experiment_results.csv,EXP_ABL_017_disable-block-placement,1,block-placement,N/A,3022336,,,9.337104,32.216350,Success
tokio,Smallest BinarySize(Bytes),9,d:\MIR_LLVM\mir_-llvm\tokio\mir_llvm_hybrid_py\20260315_201152\experiment_results.csv,EXP_DBL_0100,1,block-placement,DataflowConstProp,3022336,,,9.586575,44.121022,Success
tokio,Smallest BinarySize(Bytes),10,d:\MIR_LLVM\mir_-llvm\tokio\mir_llvm_hybrid_py\20260315_201152\experiment_results.csv,EXP_DBL_0432,1,block-placement,EarlyOtherwiseBranch,3022336,,,9.486528,47.060683,Success
tokio,Shortest CompileTime(s),1,d:\MIR_LLVM\mir_-llvm\tokio\mir_llvm_hybrid_py\20260315_201152\experiment_results.csv,EXP_DBL_0672,3,vector-combine,GVN,3079168,,,9.507484,24.773680,Success
tokio,Shortest CompileTime(s),2,d:\MIR_LLVM\mir_-llvm\tokio\mir_llvm_hybrid_py\20260315_201152\experiment_results.csv,EXP_DBL_0720,3,auto-upgrade-debug-info,GVN,3079168,,,9.219814,24.795215,Success
tokio,Shortest CompileTime(s),3,d:\MIR_LLVM\mir_-llvm\tokio\mir_llvm_hybrid_py\20260315_201152\experiment_results.csv,EXP_DBL_0716,2,preinline,GVN,3079168,,,9.156131,24.800253,Success
tokio,Shortest CompileTime(s),4,d:\MIR_LLVM\mir_-llvm\tokio\mir_llvm_hybrid_py\20260315_201152\experiment_results.csv,EXP_DBL_0721,2,bitcode-version-upgrade,GVN,3079168,,,9.392623,24.800276,Success
tokio,Shortest CompileTime(s),5,d:\MIR_LLVM\mir_-llvm\tokio\mir_llvm_hybrid_py\20260315_201152\experiment_results.csv,EXP_DBL_0717,2,select-optimize,GVN,3079168,,,9.684671,24.840190,Success
tokio,Shortest CompileTime(s),6,d:\MIR_LLVM\mir_-llvm\tokio\mir_llvm_hybrid_py\20260315_201152\experiment_results.csv,EXP_DBL_0719,2,type-promotion,GVN,3079168,,,9.503997,24.848822,Success
tokio,Shortest CompileTime(s),7,d:\MIR_LLVM\mir_-llvm\tokio\mir_llvm_hybrid_py\20260315_201152\experiment_results.csv,EXP_DBL_0709,1,machine-cse,GVN,3076096,,,9.471172,24.862197,Success
tokio,Shortest CompileTime(s),8,d:\MIR_LLVM\mir_-llvm\tokio\mir_llvm_hybrid_py\20260315_201152\experiment_results.csv,EXP_DBL_0633,2,preinline,ForceInline,3082240,,,9.427917,24.863921,Success
tokio,Shortest CompileTime(s),9,d:\MIR_LLVM\mir_-llvm\tokio\mir_llvm_hybrid_py\20260315_201152\experiment_results.csv,EXP_DBL_0724,1,global-outlining,GVN,3079168,,,9.345652,24.868822,Success
tokio,Shortest CompileTime(s),10,d:\MIR_LLVM\mir_-llvm\tokio\mir_llvm_hybrid_py\20260315_201152\experiment_results.csv,EXP_DBL_0722,3,cfi-fixup,GVN,3079168,,,9.464501,24.877313,Success
