ConfigName,RunID,LLVM_Pass,MIR_Pass,BinarySize(Bytes),TotalRuntime(s),CompileTime(s),Status
EXP_ABL_044_disable-icp,1,icp,N/A,2861056,3.275885,30.575800,Success
EXP_ABL_044_disable-icp,2,icp,N/A,2861056,3.132210,21.647232,Success
EXP_ABL_044_disable-icp,3,icp,N/A,2861056,3.205726,21.406831,Success
EXP_ABL_045_disable-machine-cse,1,machine-cse,N/A,2862080,3.119507,21.053719,Success
EXP_ABL_045_disable-machine-cse,2,machine-cse,N/A,2862080,3.114845,19.932318,Success
EXP_ABL_045_disable-machine-cse,3,machine-cse,N/A,2862080,3.181092,21.303384,Success
EXP_ABL_046_disable-machine-dce,1,machine-dce,N/A,0,0,0.000000,BuildFailed
EXP_ABL_046_disable-machine-dce,2,machine-dce,N/A,0,0,0.000000,BuildFailed
EXP_ABL_046_disable-machine-dce,3,machine-dce,N/A,0,0,0.000000,BuildFailed
EXP_ABL_047_disable-machine-sink,1,machine-sink,N/A,2862080,3.156024,22.789839,Success
EXP_ABL_047_disable-machine-sink,2,machine-sink,N/A,2862080,3.192687,21.218239,Success
EXP_ABL_047_disable-machine-sink,3,machine-sink,N/A,2862080,3.162369,21.756777,Success
EXP_ABL_048_disable-mergeicmps,1,mergeicmps,N/A,2861056,3.161074,21.979632,Success
EXP_ABL_048_disable-mergeicmps,2,mergeicmps,N/A,2861056,3.102582,20.194855,Success
EXP_ABL_048_disable-mergeicmps,3,mergeicmps,N/A,2861056,3.118547,20.653661,Success
EXP_ABL_049_disable-non-allocatable-phys-copy-opt,1,non-allocatable-phys-copy-opt,N/A,2861056,3.117698,21.389479,Success
EXP_ABL_049_disable-non-allocatable-phys-copy-opt,2,non-allocatable-phys-copy-opt,N/A,2861056,3.099839,20.617930,Success
EXP_ABL_049_disable-non-allocatable-phys-copy-opt,3,non-allocatable-phys-copy-opt,N/A,2861056,3.111167,21.948185,Success
EXP_ABL_050_disable-phi-elim-edge-splitting,1,phi-elim-edge-splitting,N/A,2860032,3.099602,20.424450,Success
EXP_ABL_050_disable-phi-elim-edge-splitting,2,phi-elim-edge-splitting,N/A,2860032,3.109211,21.147797,Success
EXP_ABL_050_disable-phi-elim-edge-splitting,3,phi-elim-edge-splitting,N/A,2860032,3.111137,19.775597,Success
EXP_ABL_051_disable-postra-machine-sink,1,postra-machine-sink,N/A,2861056,3.094755,19.152930,Success
EXP_ABL_051_disable-postra-machine-sink,2,postra-machine-sink,N/A,2861056,3.106231,20.262852,Success
EXP_ABL_051_disable-postra-machine-sink,3,postra-machine-sink,N/A,2861056,3.100831,19.032830,Success
EXP_ABL_052_disable-preinline,1,preinline,N/A,2861056,3.101262,21.034959,Success
EXP_ABL_052_disable-preinline,2,preinline,N/A,2861056,3.094117,22.796948,Success
EXP_ABL_052_disable-preinline,3,preinline,N/A,2861056,3.117755,21.438111,Success
EXP_ABL_053_disable-select-optimize,1,select-optimize,N/A,2861056,3.105219,18.865664,Success
EXP_ABL_053_disable-select-optimize,2,select-optimize,N/A,2861056,3.156302,21.459337,Success
EXP_ABL_053_disable-select-optimize,3,select-optimize,N/A,2861056,3.111407,18.813031,Success
EXP_ABL_054_disable-ssc,1,ssc,N/A,2865152,3.090987,22.207449,Success
EXP_ABL_054_disable-ssc,2,ssc,N/A,2865152,3.108255,18.648831,Success
EXP_ABL_054_disable-ssc,3,ssc,N/A,2865152,3.091684,20.723321,Success
EXP_ABL_055_disable-type-promotion,1,type-promotion,N/A,2861056,3.094980,21.625697,Success
EXP_ABL_055_disable-type-promotion,2,type-promotion,N/A,2861056,3.126998,21.458883,Success
EXP_ABL_055_disable-type-promotion,3,type-promotion,N/A,2861056,3.121598,19.804159,Success
EXP_ABL_056_disable-auto-upgrade-debug-info,1,auto-upgrade-debug-info,N/A,2861056,3.097851,21.180539,Success
EXP_ABL_056_disable-auto-upgrade-debug-info,2,auto-upgrade-debug-info,N/A,2861056,3.088415,19.496990,Success
EXP_ABL_056_disable-auto-upgrade-debug-info,3,auto-upgrade-debug-info,N/A,2861056,3.085832,22.080919,Success
EXP_ABL_057_disable-bitcode-version-upgrade,1,bitcode-version-upgrade,N/A,2861056,3.113495,19.025267,Success
EXP_ABL_057_disable-bitcode-version-upgrade,2,bitcode-version-upgrade,N/A,2861056,3.139574,20.335760,Success
EXP_ABL_057_disable-bitcode-version-upgrade,3,bitcode-version-upgrade,N/A,2861056,3.160268,22.078611,Success
EXP_ABL_058_disable-cfi-fixup,1,cfi-fixup,N/A,2861056,3.099698,21.335833,Success
EXP_ABL_058_disable-cfi-fixup,2,cfi-fixup,N/A,2861056,3.126167,19.145710,Success
EXP_ABL_058_disable-cfi-fixup,3,cfi-fixup,N/A,2861056,3.131559,19.843586,Success
EXP_ABL_059_disable-cgdata-for-merging,1,cgdata-for-merging,N/A,2861056,3.097774,21.237807,Success
EXP_ABL_059_disable-cgdata-for-merging,2,cgdata-for-merging,N/A,2861056,3.113222,19.029575,Success
EXP_ABL_059_disable-cgdata-for-merging,3,cgdata-for-merging,N/A,2861056,3.135983,20.337761,Success
EXP_ABL_060_disable-global-outlining,1,global-outlining,N/A,2861056,3.158460,19.894518,Success
EXP_ABL_060_disable-global-outlining,2,global-outlining,N/A,2861056,3.192438,20.135319,Success
EXP_ABL_060_disable-global-outlining,3,global-outlining,N/A,2861056,3.104129,21.699455,Success
EXP_ABL_061_disable-last-run-tracking,1,last-run-tracking,N/A,2861056,3.102502,21.395506,Success
EXP_ABL_061_disable-last-run-tracking,2,last-run-tracking,N/A,2861056,3.103212,20.747544,Success
EXP_ABL_061_disable-last-run-tracking,3,last-run-tracking,N/A,2861056,3.089651,19.245435,Success
EXP_ABL_062_disable-layout-fsprofile-loader,1,layout-fsprofile-loader,N/A,2861056,3.118820,20.281840,Success
EXP_ABL_062_disable-layout-fsprofile-loader,2,layout-fsprofile-loader,N/A,2861056,3.116797,21.155012,Success
EXP_ABL_062_disable-layout-fsprofile-loader,3,layout-fsprofile-loader,N/A,2861056,3.097173,21.733286,Success
EXP_ABL_063_disable-nofree-inference,1,nofree-inference,N/A,2861056,3.097290,21.787654,Success
EXP_ABL_063_disable-nofree-inference,2,nofree-inference,N/A,2861056,3.118923,21.468151,Success
EXP_ABL_063_disable-nofree-inference,3,nofree-inference,N/A,2861056,3.109480,21.851795,Success
EXP_ABL_064_disable-nounwind-inference,1,nounwind-inference,N/A,2874880,3.100884,19.102467,Success
EXP_ABL_064_disable-nounwind-inference,2,nounwind-inference,N/A,2874880,3.142956,20.824525,Success
EXP_ABL_064_disable-nounwind-inference,3,nounwind-inference,N/A,2874880,3.097584,18.995616,Success
EXP_ABL_065_disable-ondemand-mds-loading,1,ondemand-mds-loading,N/A,2861056,3.114882,21.029086,Success
EXP_ABL_065_disable-ondemand-mds-loading,2,ondemand-mds-loading,N/A,2861056,3.100081,19.861071,Success
EXP_ABL_065_disable-ondemand-mds-loading,3,ondemand-mds-loading,N/A,2861056,3.101613,21.129594,Success
EXP_ABL_066_disable-ra-fsprofile-loader,1,ra-fsprofile-loader,N/A,2861056,3.098978,20.862491,Success
EXP_ABL_066_disable-ra-fsprofile-loader,2,ra-fsprofile-loader,N/A,2861056,3.115098,18.847856,Success
EXP_ABL_066_disable-ra-fsprofile-loader,3,ra-fsprofile-loader,N/A,2861056,3.108081,21.231507,Success
EXP_ABL_067_disable-sample-loader-inlining,1,sample-loader-inlining,N/A,2861056,3.105991,19.372074,Success
EXP_ABL_067_disable-sample-loader-inlining,2,sample-loader-inlining,N/A,2861056,3.115578,20.751988,Success
EXP_ABL_067_disable-sample-loader-inlining,3,sample-loader-inlining,N/A,2861056,3.098746,20.590844,Success
EXP_ABL_068_disable-thinlto-funcattrs,1,thinlto-funcattrs,N/A,2861056,3.110778,21.414510,Success
EXP_ABL_068_disable-thinlto-funcattrs,2,thinlto-funcattrs,N/A,2861056,3.094123,20.759965,Success
EXP_ABL_068_disable-thinlto-funcattrs,3,thinlto-funcattrs,N/A,2861056,3.109110,19.543562,Success
EXP_ABL_069_disable-vp,1,vp,N/A,2861056,3.097001,20.141185,Success
EXP_ABL_069_disable-vp,2,vp,N/A,2861056,3.104531,20.988770,Success
EXP_ABL_069_disable-vp,3,vp,N/A,2861056,3.117283,21.582462,Success
EXP_ABL_070_disable-whole-program-visibility,1,whole-program-visibility,N/A,2861056,3.140678,21.962588,Success
EXP_ABL_070_disable-whole-program-visibility,2,whole-program-visibility,N/A,2861056,3.113829,19.410477,Success
EXP_ABL_070_disable-whole-program-visibility,3,whole-program-visibility,N/A,2861056,3.116679,20.985443,Success
EXP_ABL_071_disable-2addr-hack,1,2addr-hack,N/A,2861056,3.112907,21.555346,Success
EXP_ABL_071_disable-2addr-hack,2,2addr-hack,N/A,2861056,3.103908,19.727061,Success
EXP_ABL_071_disable-2addr-hack,3,2addr-hack,N/A,2861056,3.093600,21.682903,Success
EXP_ABL_072_disable-cgp,1,cgp,N/A,2889728,3.125726,19.616502,Success
EXP_ABL_072_disable-cgp,2,cgp,N/A,2889728,3.111046,21.028883,Success
EXP_ABL_072_disable-cgp,3,cgp,N/A,2889728,3.141062,21.419785,Success
EXP_ABL_073_disable-cgp-gc-opts,1,cgp-gc-opts,N/A,2861056,3.110311,21.765893,Success
EXP_ABL_073_disable-cgp-gc-opts,2,cgp-gc-opts,N/A,2861056,3.104764,21.760824,Success
EXP_ABL_073_disable-cgp-gc-opts,3,cgp-gc-opts,N/A,2861056,3.119412,21.243172,Success
EXP_ABL_074_disable-complex-addr-modes,1,complex-addr-modes,N/A,2861056,3.100446,19.712250,Success
EXP_ABL_074_disable-complex-addr-modes,2,complex-addr-modes,N/A,2861056,3.100968,20.995946,Success
EXP_ABL_074_disable-complex-addr-modes,3,complex-addr-modes,N/A,2861056,3.096614,21.438621,Success
EXP_ABL_075_disable-dfa-sched,1,dfa-sched,N/A,2861056,3.105685,24.058536,Success
EXP_ABL_075_disable-dfa-sched,2,dfa-sched,N/A,2861056,3.097597,18.749784,Success
EXP_ABL_075_disable-dfa-sched,3,dfa-sched,N/A,2861056,3.086146,18.261253,Success
EXP_ABL_076_disable-i2p-p2i-opt,1,i2p-p2i-opt,N/A,2861568,3.168053,19.867055,Success
EXP_ABL_076_disable-i2p-p2i-opt,2,i2p-p2i-opt,N/A,2861568,3.094059,20.563599,Success
EXP_ABL_076_disable-i2p-p2i-opt,3,i2p-p2i-opt,N/A,2861568,3.074725,19.152203,Success
EXP_ABL_077_disable-mr-partial-inlining,1,mr-partial-inlining,N/A,2861056,3.072712,19.809368,Success
EXP_ABL_077_disable-mr-partial-inlining,2,mr-partial-inlining,N/A,2861056,3.089126,21.350461,Success
EXP_ABL_077_disable-mr-partial-inlining,3,mr-partial-inlining,N/A,2861056,3.086055,20.060895,Success
EXP_ABL_078_disable-partial-inlining,1,partial-inlining,N/A,2861056,3.098464,20.152377,Success
EXP_ABL_078_disable-partial-inlining,2,partial-inlining,N/A,2861056,3.075828,20.419911,Success
EXP_ABL_078_disable-partial-inlining,3,partial-inlining,N/A,2861056,3.087112,21.535027,Success
EXP_ABL_079_disable-partial-libcall-inlining,1,partial-libcall-inlining,N/A,2861056,3.072590,20.558921,Success
EXP_ABL_079_disable-partial-libcall-inlining,2,partial-libcall-inlining,N/A,2861056,3.164197,18.804453,Success
EXP_ABL_079_disable-partial-libcall-inlining,3,partial-libcall-inlining,N/A,2861056,3.064653,21.595835,Success
EXP_ABL_080_disable-peephole,1,peephole,N/A,2889216,3.089762,19.067670,Success
EXP_ABL_080_disable-peephole,2,peephole,N/A,2889216,3.062891,20.869776,Success
EXP_ABL_080_disable-peephole,3,peephole,N/A,2889216,3.065329,18.853040,Success
EXP_ABL_081_disable-post-ra,1,post-ra,N/A,2861056,3.080987,20.272446,Success
EXP_ABL_081_disable-post-ra,2,post-ra,N/A,2861056,3.090133,19.574004,Success
EXP_ABL_081_disable-post-ra,3,post-ra,N/A,2861056,3.107020,18.579734,Success
EXP_ABL_082_disable-spill-fusing,1,spill-fusing,N/A,2869248,3.074686,20.004583,Success
EXP_ABL_082_disable-spill-fusing,2,spill-fusing,N/A,2869248,3.068990,20.021306,Success
EXP_ABL_082_disable-spill-fusing,3,spill-fusing,N/A,2869248,3.091854,22.060711,Success
EXP_ABL_083_disable-strictnode-mutation,1,strictnode-mutation,N/A,2861056,3.073568,21.024077,Success
EXP_ABL_083_disable-strictnode-mutation,2,strictnode-mutation,N/A,2861056,3.074409,20.026163,Success
EXP_ABL_083_disable-strictnode-mutation,3,strictnode-mutation,N/A,2861056,3.080126,21.974841,Success
EXP_DBL_000_BASELINE,1,baseline,baseline,2861056,3.077253,21.289923,Success
EXP_DBL_000_BASELINE,2,baseline,baseline,2861056,3.112281,20.642481,Success
EXP_DBL_000_BASELINE,3,baseline,baseline,2861056,3.059853,21.645164,Success
EXP_DBL_0001,1,binop-extract-shuffle,CopyProp,2864128,3.069360,20.543252,Success
EXP_DBL_0001,2,binop-extract-shuffle,CopyProp,2864128,3.088398,18.770397,Success
EXP_DBL_0001,3,binop-extract-shuffle,CopyProp,2864128,3.104586,20.032372,Success
EXP_DBL_0002,1,expand-reductions,CopyProp,2864128,3.112930,21.769994,Success
EXP_DBL_0002,2,expand-reductions,CopyProp,2864128,3.087769,19.877219,Success
EXP_DBL_0002,3,expand-reductions,CopyProp,2864128,3.063448,21.107314,Success
EXP_DBL_0003,1,interleaved-load-combine,CopyProp,2864128,3.103843,18.479222,Success
EXP_DBL_0003,2,interleaved-load-combine,CopyProp,2864128,3.108062,20.263586,Success
EXP_DBL_0003,3,interleaved-load-combine,CopyProp,2864128,3.063988,21.346606,Success
EXP_DBL_0004,1,loop-idiom-vectorize-all,CopyProp,2864128,3.064825,19.700140,Success
EXP_DBL_0004,2,loop-idiom-vectorize-all,CopyProp,2864128,3.095899,21.494680,Success
EXP_DBL_0004,3,loop-idiom-vectorize-all,CopyProp,2864128,3.068719,18.844582,Success
EXP_DBL_0005,1,loop-idiom-vectorize-bytecmp,CopyProp,2864128,3.065824,20.134501,Success
EXP_DBL_0005,2,loop-idiom-vectorize-bytecmp,CopyProp,2864128,3.093993,18.961969,Success
EXP_DBL_0005,3,loop-idiom-vectorize-bytecmp,CopyProp,2864128,3.073440,20.358675,Success
EXP_DBL_0006,1,promote-alloca-to-vector,CopyProp,2864128,3.079080,18.765378,Success
EXP_DBL_0006,2,promote-alloca-to-vector,CopyProp,2864128,3.051055,20.655521,Success
EXP_DBL_0006,3,promote-alloca-to-vector,CopyProp,2864128,3.059502,20.869767,Success
EXP_DBL_0007,1,replace-with-vec-lib,CopyProp,2864128,3.063484,21.494834,Success
EXP_DBL_0007,2,replace-with-vec-lib,CopyProp,2864128,3.071066,21.386638,Success
EXP_DBL_0007,3,replace-with-vec-lib,CopyProp,2864128,3.081333,20.736326,Success
EXP_DBL_0008,1,vector-combine,CopyProp,2864128,3.059818,18.918308,Success
EXP_DBL_0008,2,vector-combine,CopyProp,2864128,3.103907,21.148854,Success
EXP_DBL_0008,3,vector-combine,CopyProp,2864128,3.068283,21.444047,Success
EXP_DBL_0009,1,advanced-peeling,CopyProp,2861568,3.080943,21.544383,Success
EXP_DBL_0009,2,advanced-peeling,CopyProp,2861568,3.092961,20.724711,Success
EXP_DBL_0009,3,advanced-peeling,CopyProp,2861568,3.145871,20.699002,Success
EXP_DBL_0010,1,lftr,CopyProp,2864128,3.116725,20.854951,Success
EXP_DBL_0010,2,lftr,CopyProp,2864128,3.127942,20.938370,Success
EXP_DBL_0010,3,lftr,CopyProp,2864128,3.153222,22.288811,Success
EXP_DBL_0011,1,licm-promotion,CopyProp,2862080,3.178022,20.547662,Success
EXP_DBL_0011,2,licm-promotion,CopyProp,2862080,3.110101,19.987006,Success
EXP_DBL_0011,3,licm-promotion,CopyProp,2862080,3.118875,21.914825,Success
EXP_DBL_0012,1,loop-level-heuristics,CopyProp,2864128,3.063222,20.016227,Success
EXP_DBL_0012,2,loop-level-heuristics,CopyProp,2864128,3.120602,21.683700,Success
EXP_DBL_0012,3,loop-level-heuristics,CopyProp,2864128,3.127552,21.036927,Success
EXP_DBL_0013,1,lsr,CopyProp,2866176,3.148083,21.451601,Success
EXP_DBL_0013,2,lsr,CopyProp,2866176,3.077545,21.865896,Success
EXP_DBL_0013,3,lsr,CopyProp,2866176,3.148761,20.530679,Success
EXP_DBL_0014,1,machine-licm,CopyProp,2841600,3.148082,19.727345,Success
EXP_DBL_0014,2,machine-licm,CopyProp,2841600,3.117475,19.434410,Success
EXP_DBL_0014,3,machine-licm,CopyProp,2841600,3.135071,21.889848,Success
EXP_DBL_0015,1,postra-machine-licm,CopyProp,2863616,3.138125,21.052031,Success
EXP_DBL_0015,2,postra-machine-licm,CopyProp,2863616,3.119948,19.321063,Success
EXP_DBL_0015,3,postra-machine-licm,CopyProp,2863616,3.148944,20.840097,Success
EXP_DBL_0016,1,preheader-prot,CopyProp,2864128,3.063627,19.652558,Success
EXP_DBL_0016,2,preheader-prot,CopyProp,2864128,3.112347,21.614768,Success
EXP_DBL_0016,3,preheader-prot,CopyProp,2864128,3.209200,21.273980,Success
EXP_DBL_0017,1,block-placement,CopyProp,2824192,3.154352,19.455176,Success
EXP_DBL_0017,2,block-placement,CopyProp,2824192,3.160904,20.714015,Success
EXP_DBL_0017,3,block-placement,CopyProp,2824192,3.145948,18.855783,Success
EXP_DBL_0018,1,branch-fold,CopyProp,2868736,3.110517,21.588930,Success
EXP_DBL_0018,2,branch-fold,CopyProp,2868736,3.131764,20.944311,Success
EXP_DBL_0018,3,branch-fold,CopyProp,2868736,3.161544,21.786254,Success
EXP_DBL_0019,1,cgp-branch-opts,CopyProp,2864128,3.148250,21.403482,Success
EXP_DBL_0019,2,cgp-branch-opts,CopyProp,2864128,3.141983,21.800625,Success
EXP_DBL_0019,3,cgp-branch-opts,CopyProp,2864128,3.131409,20.977288,Success
EXP_DBL_0020,1,cgp-select2branch,CopyProp,2863616,3.116875,19.926771,Success
EXP_DBL_0020,2,cgp-select2branch,CopyProp,2863616,3.133727,19.271934,Success
EXP_DBL_0020,3,cgp-select2branch,CopyProp,2863616,3.129341,21.186992,Success
EXP_DBL_0021,1,chr,CopyProp,2864128,3.103046,21.890449,Success
EXP_DBL_0021,2,chr,CopyProp,2864128,3.141390,20.224344,Success
EXP_DBL_0021,3,chr,CopyProp,2864128,3.143430,20.867152,Success
EXP_DBL_0022,1,early-ifcvt,CopyProp,2864128,3.118392,22.065358,Success
EXP_DBL_0022,2,early-ifcvt,CopyProp,2864128,3.208529,21.301383,Success
EXP_DBL_0022,3,early-ifcvt,CopyProp,2864128,3.094384,20.139066,Success
EXP_DBL_0023,1,early-taildup,CopyProp,2863104,3.119184,20.761651,Success
EXP_DBL_0023,2,early-taildup,CopyProp,2863104,3.112232,18.943897,Success
EXP_DBL_0023,3,early-taildup,CopyProp,2863104,3.173770,19.658502,Success
EXP_DBL_0024,1,ifcvt-diamond,CopyProp,2864128,3.083536,19.838198,Success
EXP_DBL_0024,2,ifcvt-diamond,CopyProp,2864128,3.130020,21.114784,Success
EXP_DBL_0024,3,ifcvt-diamond,CopyProp,2864128,3.076520,18.891414,Success
EXP_DBL_0025,1,ifcvt-forked-diamond,CopyProp,2864128,3.129376,20.254595,Success
EXP_DBL_0025,2,ifcvt-forked-diamond,CopyProp,2864128,3.070575,19.400636,Success
EXP_DBL_0025,3,ifcvt-forked-diamond,CopyProp,2864128,3.084850,19.843750,Success
EXP_DBL_0026,1,ifcvt-simple,CopyProp,2864128,3.130693,22.479182,Success
EXP_DBL_0026,2,ifcvt-simple,CopyProp,2864128,3.187386,19.706467,Success
EXP_DBL_0026,3,ifcvt-simple,CopyProp,2864128,3.160347,20.370775,Success
EXP_DBL_0027,1,ifcvt-simple-false,CopyProp,2864128,3.097636,19.788302,Success
EXP_DBL_0027,2,ifcvt-simple-false,CopyProp,2864128,3.093100,21.572887,Success
EXP_DBL_0027,3,ifcvt-simple-false,CopyProp,2864128,3.122338,21.723994,Success
EXP_DBL_0028,1,ifcvt-triangle,CopyProp,2864128,3.172247,22.693781,Success
EXP_DBL_0028,2,ifcvt-triangle,CopyProp,2864128,3.157010,20.059250,Success
EXP_DBL_0028,3,ifcvt-triangle,CopyProp,2864128,3.173315,20.849569,Success
EXP_DBL_0029,1,ifcvt-triangle-false,CopyProp,2864128,3.187592,20.058730,Success
EXP_DBL_0029,2,ifcvt-triangle-false,CopyProp,2864128,3.089417,19.737734,Success
EXP_DBL_0029,3,ifcvt-triangle-false,CopyProp,2864128,3.104973,22.748819,Success
EXP_DBL_0030,1,ifcvt-triangle-rev,CopyProp,2864128,3.157244,19.826975,Success
EXP_DBL_0030,2,ifcvt-triangle-rev,CopyProp,2864128,3.156273,19.468490,Success
EXP_DBL_0030,3,ifcvt-triangle-rev,CopyProp,2864128,3.154822,21.558679,Success
EXP_DBL_0031,1,tail-calls,CopyProp,2864128,3.126977,19.501704,Success
EXP_DBL_0031,2,tail-calls,CopyProp,2864128,3.158160,20.283248,Success
EXP_DBL_0031,3,tail-calls,CopyProp,2864128,3.077853,19.908703,Success
EXP_DBL_0032,1,tail-duplicate,CopyProp,2863616,3.078422,21.679095,Success
EXP_DBL_0032,2,tail-duplicate,CopyProp,2863616,3.177401,20.291519,Success
EXP_DBL_0032,3,tail-duplicate,CopyProp,2863616,3.104564,21.393009,Success
EXP_DBL_0033,1,cgp-ext-ld-promotion,CopyProp,2864128,3.117637,22.968327,Success
EXP_DBL_0033,2,cgp-ext-ld-promotion,CopyProp,2864128,3.207562,19.241096,Success
EXP_DBL_0033,3,cgp-ext-ld-promotion,CopyProp,2864128,3.114598,22.088342,Success
EXP_DBL_0034,1,cgp-store-extract,CopyProp,2864128,3.129209,19.619770,Success
EXP_DBL_0034,2,cgp-store-extract,CopyProp,2864128,3.142625,21.923214,Success
EXP_DBL_0034,3,cgp-store-extract,CopyProp,2864128,3.148855,20.273359,Success
EXP_DBL_0035,1,memop-opt,CopyProp,2864128,3.166900,21.323648,Success
EXP_DBL_0035,2,memop-opt,CopyProp,2864128,3.149369,19.382683,Success
EXP_DBL_0035,3,memop-opt,CopyProp,2864128,3.195153,22.637036,Success
EXP_DBL_0036,1,separate-const-offset-from-gep,CopyProp,2864128,3.155113,21.694921,Success
EXP_DBL_0036,2,separate-const-offset-from-gep,CopyProp,2864128,3.143231,19.983467,Success
EXP_DBL_0036,3,separate-const-offset-from-gep,CopyProp,2864128,3.180559,19.703950,Success
EXP_DBL_0037,1,adv-copy-opt,CopyProp,2863616,3.152480,22.220842,Success
EXP_DBL_0037,2,adv-copy-opt,CopyProp,2863616,3.137240,21.189910,Success
EXP_DBL_0037,3,adv-copy-opt,CopyProp,2863616,3.174682,19.803464,Success
EXP_DBL_0038,1,cgp-delete-phis,CopyProp,2864128,3.191936,22.445578,Success
EXP_DBL_0038,2,cgp-delete-phis,CopyProp,2864128,3.189502,22.282683,Success
EXP_DBL_0038,3,cgp-delete-phis,CopyProp,2864128,3.128461,22.012892,Success
EXP_DBL_0039,1,cleanups,CopyProp,0,0,0.000000,BuildFailed
EXP_DBL_0039,2,cleanups,CopyProp,0,0,0.000000,BuildFailed
EXP_DBL_0039,3,cleanups,CopyProp,0,0,0.000000,BuildFailed
EXP_DBL_0040,1,constant-hoisting,CopyProp,2864128,3.203474,22.180342,Success
EXP_DBL_0040,2,constant-hoisting,CopyProp,2864128,3.185648,20.159127,Success
EXP_DBL_0040,3,constant-hoisting,CopyProp,2864128,3.137041,20.618479,Success
EXP_DBL_0041,1,copyprop,CopyProp,2865152,3.213413,19.376203,Success
EXP_DBL_0041,2,copyprop,CopyProp,2865152,3.154532,19.105145,Success
EXP_DBL_0041,3,copyprop,CopyProp,2865152,3.154698,20.205831,Success
EXP_DBL_0042,1,demotion,CopyProp,2855424,3.161215,22.921942,Success
EXP_DBL_0042,2,demotion,CopyProp,2855424,3.144839,19.102131,Success
EXP_DBL_0042,3,demotion,CopyProp,2855424,3.202579,21.251417,Success
EXP_DBL_0043,1,gep-const-evaluation,CopyProp,2864128,3.099906,19.335673,Success
EXP_DBL_0043,2,gep-const-evaluation,CopyProp,2864128,3.137674,22.181495,Success
EXP_DBL_0043,3,gep-const-evaluation,CopyProp,2864128,3.113792,21.974864,Success
EXP_DBL_0044,1,icp,CopyProp,2864128,3.149708,21.212024,Success
EXP_DBL_0044,2,icp,CopyProp,2864128,3.106649,20.027221,Success
EXP_DBL_0044,3,icp,CopyProp,2864128,3.094276,19.801998,Success
EXP_DBL_0045,1,machine-cse,CopyProp,2864640,3.235502,20.056409,Success
EXP_DBL_0045,2,machine-cse,CopyProp,2864640,3.183764,21.756065,Success
EXP_DBL_0045,3,machine-cse,CopyProp,2864640,3.145173,21.315658,Success
EXP_DBL_0046,1,machine-dce,CopyProp,0,0,0.000000,BuildFailed
EXP_DBL_0046,2,machine-dce,CopyProp,0,0,0.000000,BuildFailed
EXP_DBL_0046,3,machine-dce,CopyProp,0,0,0.000000,BuildFailed
EXP_DBL_0047,1,machine-sink,CopyProp,2866688,3.144564,22.009784,Success
EXP_DBL_0047,2,machine-sink,CopyProp,2866688,3.130704,19.438927,Success
EXP_DBL_0047,3,machine-sink,CopyProp,2866688,3.154451,21.463458,Success
EXP_DBL_0048,1,mergeicmps,CopyProp,2864128,3.156717,19.484736,Success
EXP_DBL_0048,2,mergeicmps,CopyProp,2864128,3.157425,19.501128,Success
EXP_DBL_0048,3,mergeicmps,CopyProp,2864128,3.133084,19.479080,Success
EXP_DBL_0049,1,non-allocatable-phys-copy-opt,CopyProp,2864128,3.186645,21.215104,Success
EXP_DBL_0049,2,non-allocatable-phys-copy-opt,CopyProp,2864128,3.123641,20.833310,Success
EXP_DBL_0049,3,non-allocatable-phys-copy-opt,CopyProp,2864128,3.145111,19.416177,Success
EXP_DBL_0050,1,phi-elim-edge-splitting,CopyProp,2863104,3.134852,22.118534,Success
EXP_DBL_0050,2,phi-elim-edge-splitting,CopyProp,2863104,3.165888,19.348093,Success
EXP_DBL_0050,3,phi-elim-edge-splitting,CopyProp,2863104,3.156723,21.935145,Success
EXP_DBL_0051,1,postra-machine-sink,CopyProp,2864128,3.170820,21.741574,Success
EXP_DBL_0051,2,postra-machine-sink,CopyProp,2864128,3.173580,20.951648,Success
EXP_DBL_0051,3,postra-machine-sink,CopyProp,2864128,3.171248,21.270169,Success
EXP_DBL_0052,1,preinline,CopyProp,2864128,3.129951,21.081024,Success
EXP_DBL_0052,2,preinline,CopyProp,2864128,3.132523,19.813020,Success
EXP_DBL_0052,3,preinline,CopyProp,2864128,3.182095,21.707073,Success
EXP_DBL_0053,1,select-optimize,CopyProp,2864128,3.174948,21.988691,Success
EXP_DBL_0053,2,select-optimize,CopyProp,2864128,3.193709,19.714452,Success
EXP_DBL_0053,3,select-optimize,CopyProp,2864128,3.160809,21.218327,Success
EXP_DBL_0054,1,ssc,CopyProp,2867712,3.173499,23.128471,Success
EXP_DBL_0054,2,ssc,CopyProp,2867712,3.154615,19.385049,Success
EXP_DBL_0054,3,ssc,CopyProp,2867712,3.168217,21.432774,Success
EXP_DBL_0055,1,type-promotion,CopyProp,2864128,3.112145,22.306163,Success
EXP_DBL_0055,2,type-promotion,CopyProp,2864128,3.101504,21.050941,Success
EXP_DBL_0055,3,type-promotion,CopyProp,2864128,3.087552,21.902256,Success
EXP_DBL_0056,1,auto-upgrade-debug-info,CopyProp,2864128,3.177894,21.974351,Success
EXP_DBL_0056,2,auto-upgrade-debug-info,CopyProp,2864128,3.191960,19.258866,Success
EXP_DBL_0056,3,auto-upgrade-debug-info,CopyProp,2864128,3.216661,21.063218,Success
EXP_DBL_0057,1,bitcode-version-upgrade,CopyProp,2864128,3.142149,22.390411,Success
EXP_DBL_0057,2,bitcode-version-upgrade,CopyProp,2864128,3.163694,21.882560,Success
EXP_DBL_0057,3,bitcode-version-upgrade,CopyProp,2864128,3.165998,21.216066,Success
EXP_DBL_0058,1,cfi-fixup,CopyProp,2864128,3.188066,21.321269,Success
EXP_DBL_0058,2,cfi-fixup,CopyProp,2864128,3.124240,19.736271,Success
EXP_DBL_0058,3,cfi-fixup,CopyProp,2864128,3.099695,19.207259,Success
EXP_DBL_0059,1,cgdata-for-merging,CopyProp,2864128,3.125689,22.185122,Success
EXP_DBL_0059,2,cgdata-for-merging,CopyProp,2864128,3.282619,21.203758,Success
EXP_DBL_0059,3,cgdata-for-merging,CopyProp,2864128,3.186475,22.345337,Success
EXP_DBL_0060,1,global-outlining,CopyProp,2864128,3.137532,22.143658,Success
EXP_DBL_0060,2,global-outlining,CopyProp,2864128,3.144264,20.914563,Success
EXP_DBL_0060,3,global-outlining,CopyProp,2864128,3.192432,20.820317,Success
EXP_DBL_0061,1,last-run-tracking,CopyProp,2864128,3.156563,22.197236,Success
EXP_DBL_0061,2,last-run-tracking,CopyProp,2864128,3.171606,21.911741,Success
EXP_DBL_0061,3,last-run-tracking,CopyProp,2864128,3.131328,19.683532,Success
EXP_DBL_0062,1,layout-fsprofile-loader,CopyProp,2864128,3.145457,21.051893,Success
EXP_DBL_0062,2,layout-fsprofile-loader,CopyProp,2864128,3.181593,20.394804,Success
EXP_DBL_0062,3,layout-fsprofile-loader,CopyProp,2864128,3.146761,20.034802,Success
EXP_DBL_0063,1,nofree-inference,CopyProp,2864128,3.180899,20.560906,Success
EXP_DBL_0063,2,nofree-inference,CopyProp,2864128,3.098935,21.921899,Success
EXP_DBL_0063,3,nofree-inference,CopyProp,2864128,3.158035,20.349038,Success
EXP_DBL_0064,1,nounwind-inference,CopyProp,2884096,3.161824,21.306664,Success
EXP_DBL_0064,2,nounwind-inference,CopyProp,2884096,3.183567,21.088625,Success
EXP_DBL_0064,3,nounwind-inference,CopyProp,2884096,3.166855,21.759140,Success
EXP_DBL_0065,1,ondemand-mds-loading,CopyProp,2864128,3.068061,18.802458,Success
EXP_DBL_0065,2,ondemand-mds-loading,CopyProp,2864128,3.168580,18.446133,Success
EXP_DBL_0065,3,ondemand-mds-loading,CopyProp,2864128,3.151706,21.246623,Success
EXP_DBL_0066,1,ra-fsprofile-loader,CopyProp,2864128,3.182669,20.464362,Success
EXP_DBL_0066,2,ra-fsprofile-loader,CopyProp,2864128,3.133847,22.541961,Success
EXP_DBL_0066,3,ra-fsprofile-loader,CopyProp,2864128,3.135518,21.775270,Success
EXP_DBL_0067,1,sample-loader-inlining,CopyProp,2864128,3.184086,22.468504,Success
EXP_DBL_0067,2,sample-loader-inlining,CopyProp,2864128,3.147884,21.245332,Success
EXP_DBL_0067,3,sample-loader-inlining,CopyProp,2864128,3.083216,19.484797,Success
EXP_DBL_0068,1,thinlto-funcattrs,CopyProp,2864128,3.203522,20.770097,Success
EXP_DBL_0068,2,thinlto-funcattrs,CopyProp,2864128,3.065606,21.341883,Success
EXP_DBL_0068,3,thinlto-funcattrs,CopyProp,2864128,3.060547,20.163930,Success
EXP_DBL_0069,1,vp,CopyProp,2864128,3.144558,21.322841,Success
EXP_DBL_0069,2,vp,CopyProp,2864128,3.145675,19.738670,Success
EXP_DBL_0069,3,vp,CopyProp,2864128,3.120774,22.266579,Success
EXP_DBL_0070,1,whole-program-visibility,CopyProp,2864128,3.152438,20.968491,Success
EXP_DBL_0070,2,whole-program-visibility,CopyProp,2864128,3.128129,22.213996,Success
EXP_DBL_0070,3,whole-program-visibility,CopyProp,2864128,3.133194,21.993223,Success
EXP_DBL_0071,1,2addr-hack,CopyProp,2864128,3.101876,20.160827,Success
EXP_DBL_0071,2,2addr-hack,CopyProp,2864128,3.107569,21.872342,Success
EXP_DBL_0071,3,2addr-hack,CopyProp,2864128,3.100373,20.313497,Success
EXP_DBL_0072,1,cgp,CopyProp,2891264,3.147810,19.003368,Success
EXP_DBL_0072,2,cgp,CopyProp,2891264,3.203581,21.029343,Success
EXP_DBL_0072,3,cgp,CopyProp,2891264,3.190963,19.649497,Success
EXP_DBL_0073,1,cgp-gc-opts,CopyProp,2864128,3.134399,20.243337,Success
EXP_DBL_0073,2,cgp-gc-opts,CopyProp,2864128,3.069694,22.257226,Success
EXP_DBL_0073,3,cgp-gc-opts,CopyProp,2864128,3.171791,20.920456,Success
EXP_DBL_0074,1,complex-addr-modes,CopyProp,2864128,3.059659,21.265182,Success
EXP_DBL_0074,2,complex-addr-modes,CopyProp,2864128,3.102579,21.863834,Success
EXP_DBL_0074,3,complex-addr-modes,CopyProp,2864128,3.116081,20.739504,Success
EXP_DBL_0075,1,dfa-sched,CopyProp,2864128,3.062013,21.887621,Success
EXP_DBL_0075,2,dfa-sched,CopyProp,2864128,3.151591,21.038306,Success
EXP_DBL_0075,3,dfa-sched,CopyProp,2864128,3.077053,19.525827,Success
EXP_DBL_0076,1,i2p-p2i-opt,CopyProp,2864128,3.070315,19.641694,Success
EXP_DBL_0076,2,i2p-p2i-opt,CopyProp,2864128,3.156920,21.769828,Success
EXP_DBL_0076,3,i2p-p2i-opt,CopyProp,2864128,3.117818,22.264874,Success
EXP_DBL_0077,1,mr-partial-inlining,CopyProp,2864128,3.174294,19.139353,Success
EXP_DBL_0077,2,mr-partial-inlining,CopyProp,2864128,3.147617,20.902672,Success
EXP_DBL_0077,3,mr-partial-inlining,CopyProp,2864128,3.196168,20.885875,Success
EXP_DBL_0078,1,partial-inlining,CopyProp,2864128,3.135673,21.317222,Success
EXP_DBL_0078,2,partial-inlining,CopyProp,2864128,3.131510,20.710059,Success
EXP_DBL_0078,3,partial-inlining,CopyProp,2864128,3.217448,21.837350,Success
EXP_DBL_0079,1,partial-libcall-inlining,CopyProp,2864128,3.158263,20.792638,Success
EXP_DBL_0079,2,partial-libcall-inlining,CopyProp,2864128,3.083977,20.772399,Success
EXP_DBL_0079,3,partial-libcall-inlining,CopyProp,2864128,3.146874,18.835906,Success
EXP_DBL_0080,1,peephole,CopyProp,2892800,3.151287,21.378988,Success
EXP_DBL_0080,2,peephole,CopyProp,2892800,3.353265,19.310814,Success
EXP_DBL_0080,3,peephole,CopyProp,2892800,3.147236,19.225869,Success
EXP_DBL_0081,1,post-ra,CopyProp,2864128,3.166618,20.498550,Success
EXP_DBL_0081,2,post-ra,CopyProp,2864128,3.110304,21.751025,Success
EXP_DBL_0081,3,post-ra,CopyProp,2864128,3.139281,21.290590,Success
EXP_DBL_0082,1,spill-fusing,CopyProp,2872320,3.216874,19.576566,Success
EXP_DBL_0082,2,spill-fusing,CopyProp,2872320,3.196132,20.492604,Success
EXP_DBL_0082,3,spill-fusing,CopyProp,2872320,3.089854,20.947287,Success
EXP_DBL_0083,1,strictnode-mutation,CopyProp,2864128,3.147398,19.389401,Success
EXP_DBL_0083,2,strictnode-mutation,CopyProp,2864128,3.140320,21.813221,Success
EXP_DBL_0083,3,strictnode-mutation,CopyProp,2864128,3.160721,19.595972,Success
EXP_DBL_0084,1,binop-extract-shuffle,DataflowConstProp,2861056,3.166214,20.700458,Success
EXP_DBL_0084,2,binop-extract-shuffle,DataflowConstProp,2861056,3.109991,20.737409,Success
EXP_DBL_0084,3,binop-extract-shuffle,DataflowConstProp,2861056,3.071460,21.482711,Success
EXP_DBL_0085,1,expand-reductions,DataflowConstProp,2861568,3.133857,20.406780,Success
EXP_DBL_0085,2,expand-reductions,DataflowConstProp,2861568,3.108434,21.447028,Success
EXP_DBL_0085,3,expand-reductions,DataflowConstProp,2861568,3.085433,22.103019,Success
EXP_DBL_0086,1,interleaved-load-combine,DataflowConstProp,2861056,3.163222,19.483140,Success
EXP_DBL_0086,2,interleaved-load-combine,DataflowConstProp,2861056,3.124225,19.964225,Success
EXP_DBL_0086,3,interleaved-load-combine,DataflowConstProp,2861056,3.153697,20.662501,Success
EXP_DBL_0087,1,loop-idiom-vectorize-all,DataflowConstProp,2861056,3.205851,21.492265,Success
EXP_DBL_0087,2,loop-idiom-vectorize-all,DataflowConstProp,2861056,3.144059,19.133350,Success
EXP_DBL_0087,3,loop-idiom-vectorize-all,DataflowConstProp,2861056,3.129512,22.208308,Success
EXP_DBL_0088,1,loop-idiom-vectorize-bytecmp,DataflowConstProp,2861056,3.106914,21.539439,Success
EXP_DBL_0088,2,loop-idiom-vectorize-bytecmp,DataflowConstProp,2861056,3.151313,20.115132,Success
EXP_DBL_0088,3,loop-idiom-vectorize-bytecmp,DataflowConstProp,2861056,3.102876,20.132447,Success
EXP_DBL_0089,1,promote-alloca-to-vector,DataflowConstProp,2861056,3.242976,19.287287,Success
EXP_DBL_0089,2,promote-alloca-to-vector,DataflowConstProp,2861056,3.151422,21.596664,Success
EXP_DBL_0089,3,promote-alloca-to-vector,DataflowConstProp,2861056,3.139997,21.887319,Success
EXP_DBL_0090,1,replace-with-vec-lib,DataflowConstProp,2861056,3.137807,21.138626,Success
EXP_DBL_0090,2,replace-with-vec-lib,DataflowConstProp,2861056,3.145700,22.147972,Success
EXP_DBL_0090,3,replace-with-vec-lib,DataflowConstProp,2861056,3.084988,21.228058,Success
EXP_DBL_0091,1,vector-combine,DataflowConstProp,2861056,3.179920,21.238034,Success
EXP_DBL_0091,2,vector-combine,DataflowConstProp,2861056,3.127498,21.186298,Success
EXP_DBL_0091,3,vector-combine,DataflowConstProp,2861056,3.166005,21.122778,Success
EXP_DBL_0092,1,advanced-peeling,DataflowConstProp,2859520,3.147156,21.460613,Success
EXP_DBL_0092,2,advanced-peeling,DataflowConstProp,2859520,3.192130,19.948192,Success
EXP_DBL_0092,3,advanced-peeling,DataflowConstProp,2859520,3.136206,21.282138,Success
EXP_DBL_0093,1,lftr,DataflowConstProp,2861568,3.159870,19.818432,Success
EXP_DBL_0093,2,lftr,DataflowConstProp,2861568,3.155255,19.029557,Success
EXP_DBL_0093,3,lftr,DataflowConstProp,2861568,3.160379,19.443194,Success
EXP_DBL_0094,1,licm-promotion,DataflowConstProp,2859520,3.157785,20.499829,Success
EXP_DBL_0094,2,licm-promotion,DataflowConstProp,2859520,3.148548,19.371997,Success
EXP_DBL_0094,3,licm-promotion,DataflowConstProp,2859520,3.143092,20.836680,Success
EXP_DBL_0095,1,loop-level-heuristics,DataflowConstProp,2861056,3.091485,18.735119,Success
EXP_DBL_0095,2,loop-level-heuristics,DataflowConstProp,2861056,3.151021,19.665616,Success
EXP_DBL_0095,3,loop-level-heuristics,DataflowConstProp,2861056,3.108467,22.159854,Success
EXP_DBL_0096,1,lsr,DataflowConstProp,2863616,3.121297,19.574498,Success
EXP_DBL_0096,2,lsr,DataflowConstProp,2863616,3.135460,20.154889,Success
EXP_DBL_0096,3,lsr,DataflowConstProp,2863616,3.245027,21.663436,Success
EXP_DBL_0097,1,machine-licm,DataflowConstProp,2839040,3.095319,19.009512,Success
EXP_DBL_0097,2,machine-licm,DataflowConstProp,2839040,3.082586,20.902388,Success
EXP_DBL_0097,3,machine-licm,DataflowConstProp,2839040,3.130272,19.428881,Success
EXP_DBL_0098,1,postra-machine-licm,DataflowConstProp,2861056,3.102261,18.945937,Success
EXP_DBL_0098,2,postra-machine-licm,DataflowConstProp,2861056,3.175913,19.295459,Success
EXP_DBL_0098,3,postra-machine-licm,DataflowConstProp,2861056,3.125416,19.253769,Success
EXP_DBL_0099,1,preheader-prot,DataflowConstProp,2861056,3.168152,20.026905,Success
EXP_DBL_0099,2,preheader-prot,DataflowConstProp,2861056,3.181721,21.504363,Success
EXP_DBL_0099,3,preheader-prot,DataflowConstProp,2861056,3.146946,20.594398,Success
EXP_DBL_0100,1,block-placement,DataflowConstProp,2821120,3.173935,18.938632,Success
EXP_DBL_0100,2,block-placement,DataflowConstProp,2821120,3.122591,21.563705,Success
EXP_DBL_0100,3,block-placement,DataflowConstProp,2821120,3.139423,22.655413,Success
EXP_DBL_0101,1,branch-fold,DataflowConstProp,2865664,3.128572,20.218922,Success
EXP_DBL_0101,2,branch-fold,DataflowConstProp,2865664,3.116361,19.063420,Success
EXP_DBL_0101,3,branch-fold,DataflowConstProp,2865664,3.190236,19.782233,Success
EXP_DBL_0102,1,cgp-branch-opts,DataflowConstProp,2861056,3.167540,19.598721,Success
EXP_DBL_0102,2,cgp-branch-opts,DataflowConstProp,2861056,3.176447,20.827568,Success
EXP_DBL_0102,3,cgp-branch-opts,DataflowConstProp,2861056,3.133781,19.901799,Success
EXP_DBL_0103,1,cgp-select2branch,DataflowConstProp,2861056,3.207906,21.466158,Success
EXP_DBL_0103,2,cgp-select2branch,DataflowConstProp,2861056,3.143919,19.115347,Success
EXP_DBL_0103,3,cgp-select2branch,DataflowConstProp,2861056,3.115837,21.586683,Success
EXP_DBL_0104,1,chr,DataflowConstProp,2861056,3.157836,19.865355,Success
EXP_DBL_0104,2,chr,DataflowConstProp,2861056,3.125773,21.199611,Success
EXP_DBL_0104,3,chr,DataflowConstProp,2861056,3.130710,21.049396,Success
EXP_DBL_0105,1,early-ifcvt,DataflowConstProp,2861056,3.198998,20.714762,Success
EXP_DBL_0105,2,early-ifcvt,DataflowConstProp,2861056,3.121166,20.432890,Success
EXP_DBL_0105,3,early-ifcvt,DataflowConstProp,2861056,3.153931,19.247710,Success
EXP_DBL_0106,1,early-taildup,DataflowConstProp,2860032,3.110940,19.671697,Success
EXP_DBL_0106,2,early-taildup,DataflowConstProp,2860032,3.156268,21.711595,Success
EXP_DBL_0106,3,early-taildup,DataflowConstProp,2860032,3.122156,21.107556,Success
EXP_DBL_0107,1,ifcvt-diamond,DataflowConstProp,2861056,3.092730,19.381047,Success
EXP_DBL_0107,2,ifcvt-diamond,DataflowConstProp,2861056,3.079590,18.756653,Success
EXP_DBL_0107,3,ifcvt-diamond,DataflowConstProp,2861056,3.195725,20.939597,Success
EXP_DBL_0108,1,ifcvt-forked-diamond,DataflowConstProp,2861056,3.167355,20.273254,Success
EXP_DBL_0108,2,ifcvt-forked-diamond,DataflowConstProp,2861056,3.110762,19.646268,Success
EXP_DBL_0108,3,ifcvt-forked-diamond,DataflowConstProp,2861056,3.097053,19.421457,Success
EXP_DBL_0109,1,ifcvt-simple,DataflowConstProp,2861056,3.145113,19.158165,Success
EXP_DBL_0109,2,ifcvt-simple,DataflowConstProp,2861056,3.137685,21.282489,Success
EXP_DBL_0109,3,ifcvt-simple,DataflowConstProp,2861056,3.178070,20.409092,Success
EXP_DBL_0110,1,ifcvt-simple-false,DataflowConstProp,2861056,3.138316,19.759487,Success
EXP_DBL_0110,2,ifcvt-simple-false,DataflowConstProp,2861056,3.158693,19.571231,Success
EXP_DBL_0110,3,ifcvt-simple-false,DataflowConstProp,2861056,3.153283,20.160543,Success
EXP_DBL_0111,1,ifcvt-triangle,DataflowConstProp,2861056,3.126143,21.413419,Success
EXP_DBL_0111,2,ifcvt-triangle,DataflowConstProp,2861056,3.091707,19.150424,Success
EXP_DBL_0111,3,ifcvt-triangle,DataflowConstProp,2861056,3.110534,21.685412,Success
EXP_DBL_0112,1,ifcvt-triangle-false,DataflowConstProp,2861056,3.164187,22.446797,Success
EXP_DBL_0112,2,ifcvt-triangle-false,DataflowConstProp,2861056,3.123280,19.373109,Success
EXP_DBL_0112,3,ifcvt-triangle-false,DataflowConstProp,2861056,3.139161,18.962366,Success
EXP_DBL_0113,1,ifcvt-triangle-rev,DataflowConstProp,2861056,3.135073,20.435648,Success
EXP_DBL_0113,2,ifcvt-triangle-rev,DataflowConstProp,2861056,3.150947,19.460922,Success
EXP_DBL_0113,3,ifcvt-triangle-rev,DataflowConstProp,2861056,3.269550,18.962264,Success
EXP_DBL_0114,1,tail-calls,DataflowConstProp,2861056,3.169731,19.061332,Success
EXP_DBL_0114,2,tail-calls,DataflowConstProp,2861056,3.144786,20.649659,Success
EXP_DBL_0114,3,tail-calls,DataflowConstProp,2861056,3.121945,21.318439,Success
EXP_DBL_0115,1,tail-duplicate,DataflowConstProp,2860544,3.125345,19.190260,Success
EXP_DBL_0115,2,tail-duplicate,DataflowConstProp,2860544,3.171406,20.752448,Success
EXP_DBL_0115,3,tail-duplicate,DataflowConstProp,2860544,3.158861,19.162660,Success
EXP_DBL_0116,1,cgp-ext-ld-promotion,DataflowConstProp,2861056,3.137387,20.661255,Success
EXP_DBL_0116,2,cgp-ext-ld-promotion,DataflowConstProp,2861056,3.128996,20.631505,Success
EXP_DBL_0116,3,cgp-ext-ld-promotion,DataflowConstProp,2861056,3.120588,19.090363,Success
EXP_DBL_0117,1,cgp-store-extract,DataflowConstProp,2861056,3.116807,21.382617,Success
EXP_DBL_0117,2,cgp-store-extract,DataflowConstProp,2861056,3.139833,20.903978,Success
EXP_DBL_0117,3,cgp-store-extract,DataflowConstProp,2861056,3.074497,19.495907,Success
EXP_DBL_0118,1,memop-opt,DataflowConstProp,2861056,3.155589,21.385341,Success
EXP_DBL_0118,2,memop-opt,DataflowConstProp,2861056,3.125519,19.009292,Success
EXP_DBL_0118,3,memop-opt,DataflowConstProp,2861056,3.158267,22.622940,Success
EXP_DBL_0119,1,separate-const-offset-from-gep,DataflowConstProp,2861056,3.119839,19.987865,Success
EXP_DBL_0119,2,separate-const-offset-from-gep,DataflowConstProp,2861056,3.145001,22.725819,Success
EXP_DBL_0119,3,separate-const-offset-from-gep,DataflowConstProp,2861056,3.121867,19.852649,Success
EXP_DBL_0120,1,adv-copy-opt,DataflowConstProp,2861056,3.115034,19.515847,Success
EXP_DBL_0120,2,adv-copy-opt,DataflowConstProp,2861056,3.105168,18.920411,Success
EXP_DBL_0120,3,adv-copy-opt,DataflowConstProp,2861056,3.156459,22.308248,Success
EXP_DBL_0121,1,cgp-delete-phis,DataflowConstProp,2861056,3.195003,19.814245,Success
EXP_DBL_0121,2,cgp-delete-phis,DataflowConstProp,2861056,3.170973,19.925802,Success
EXP_DBL_0121,3,cgp-delete-phis,DataflowConstProp,2861056,3.156746,22.101920,Success
EXP_DBL_0122,1,cleanups,DataflowConstProp,0,0,0.000000,BuildFailed
EXP_DBL_0122,2,cleanups,DataflowConstProp,0,0,0.000000,BuildFailed
EXP_DBL_0122,3,cleanups,DataflowConstProp,0,0,0.000000,BuildFailed
EXP_DBL_0123,1,constant-hoisting,DataflowConstProp,2861568,3.120495,20.197515,Success
EXP_DBL_0123,2,constant-hoisting,DataflowConstProp,2861568,3.077211,20.492632,Success
EXP_DBL_0123,3,constant-hoisting,DataflowConstProp,2861568,3.107557,21.369346,Success
EXP_DBL_0124,1,copyprop,DataflowConstProp,2862080,3.070311,18.974483,Success
EXP_DBL_0124,2,copyprop,DataflowConstProp,2862080,3.078677,20.135546,Success
EXP_DBL_0124,3,copyprop,DataflowConstProp,2862080,3.191475,22.225162,Success
EXP_DBL_0125,1,demotion,DataflowConstProp,2852352,3.113411,22.267161,Success
EXP_DBL_0125,2,demotion,DataflowConstProp,2852352,3.093727,19.055250,Success
EXP_DBL_0125,3,demotion,DataflowConstProp,2852352,3.108928,22.571513,Success
EXP_DBL_0126,1,gep-const-evaluation,DataflowConstProp,2861056,3.159687,21.172320,Success
EXP_DBL_0126,2,gep-const-evaluation,DataflowConstProp,2861056,3.137573,20.850319,Success
EXP_DBL_0126,3,gep-const-evaluation,DataflowConstProp,2861056,3.148710,22.473916,Success
EXP_DBL_0127,1,icp,DataflowConstProp,2861056,3.172450,19.924819,Success
EXP_DBL_0127,2,icp,DataflowConstProp,2861056,3.147790,21.341084,Success
EXP_DBL_0127,3,icp,DataflowConstProp,2861056,3.141674,21.935575,Success
EXP_DBL_0128,1,machine-cse,DataflowConstProp,2862080,3.119899,19.054346,Success
EXP_DBL_0128,2,machine-cse,DataflowConstProp,2862080,3.137011,20.437474,Success
EXP_DBL_0128,3,machine-cse,DataflowConstProp,2862080,3.128510,21.516793,Success
EXP_DBL_0129,1,machine-dce,DataflowConstProp,0,0,0.000000,BuildFailed
EXP_DBL_0129,2,machine-dce,DataflowConstProp,0,0,0.000000,BuildFailed
EXP_DBL_0129,3,machine-dce,DataflowConstProp,0,0,0.000000,BuildFailed
EXP_DBL_0130,1,machine-sink,DataflowConstProp,2862080,3.176931,22.579724,Success
EXP_DBL_0130,2,machine-sink,DataflowConstProp,2862080,3.097807,21.174807,Success
EXP_DBL_0130,3,machine-sink,DataflowConstProp,2862080,3.157313,21.129019,Success
EXP_DBL_0131,1,mergeicmps,DataflowConstProp,2861056,3.143173,20.198700,Success
EXP_DBL_0131,2,mergeicmps,DataflowConstProp,2861056,3.158565,19.537514,Success
EXP_DBL_0131,3,mergeicmps,DataflowConstProp,2861056,3.141162,21.303806,Success
EXP_DBL_0132,1,non-allocatable-phys-copy-opt,DataflowConstProp,2861056,3.148230,19.071015,Success
EXP_DBL_0132,2,non-allocatable-phys-copy-opt,DataflowConstProp,2861056,3.152882,18.833469,Success
EXP_DBL_0132,3,non-allocatable-phys-copy-opt,DataflowConstProp,2861056,3.154214,21.524410,Success
EXP_DBL_0133,1,phi-elim-edge-splitting,DataflowConstProp,2860032,3.111419,20.539706,Success
EXP_DBL_0133,2,phi-elim-edge-splitting,DataflowConstProp,2860032,3.127223,19.407315,Success
EXP_DBL_0133,3,phi-elim-edge-splitting,DataflowConstProp,2860032,3.187402,18.945879,Success
EXP_DBL_0134,1,postra-machine-sink,DataflowConstProp,2861056,3.127317,22.163900,Success
EXP_DBL_0134,2,postra-machine-sink,DataflowConstProp,2861056,3.154639,22.331133,Success
EXP_DBL_0134,3,postra-machine-sink,DataflowConstProp,2861056,3.189995,22.808320,Success
EXP_DBL_0135,1,preinline,DataflowConstProp,2861056,3.144932,19.868300,Success
EXP_DBL_0135,2,preinline,DataflowConstProp,2861056,3.145610,21.313172,Success
EXP_DBL_0135,3,preinline,DataflowConstProp,2861056,3.106053,20.307424,Success
EXP_DBL_0136,1,select-optimize,DataflowConstProp,2861056,3.140416,22.160977,Success
EXP_DBL_0136,2,select-optimize,DataflowConstProp,2861056,3.148142,21.338953,Success
EXP_DBL_0136,3,select-optimize,DataflowConstProp,2861056,3.133545,20.046659,Success
EXP_DBL_0137,1,ssc,DataflowConstProp,2865152,3.156493,19.404250,Success
EXP_DBL_0137,2,ssc,DataflowConstProp,2865152,3.169429,21.152428,Success
EXP_DBL_0137,3,ssc,DataflowConstProp,2865152,3.135974,19.198836,Success
EXP_DBL_0138,1,type-promotion,DataflowConstProp,2861056,3.173068,19.667301,Success
EXP_DBL_0138,2,type-promotion,DataflowConstProp,2861056,3.174491,20.115051,Success
EXP_DBL_0138,3,type-promotion,DataflowConstProp,2861056,3.149348,21.901964,Success
EXP_DBL_0139,1,auto-upgrade-debug-info,DataflowConstProp,2861056,3.196525,19.521219,Success
EXP_DBL_0139,2,auto-upgrade-debug-info,DataflowConstProp,2861056,3.131173,21.557790,Success
EXP_DBL_0139,3,auto-upgrade-debug-info,DataflowConstProp,2861056,3.156779,22.113578,Success
EXP_DBL_0140,1,bitcode-version-upgrade,DataflowConstProp,2861056,3.122270,18.926990,Success
EXP_DBL_0140,2,bitcode-version-upgrade,DataflowConstProp,2861056,3.136605,21.344953,Success
EXP_DBL_0140,3,bitcode-version-upgrade,DataflowConstProp,2861056,3.151070,19.173992,Success
EXP_DBL_0141,1,cfi-fixup,DataflowConstProp,2861056,3.165601,21.813936,Success
EXP_DBL_0141,2,cfi-fixup,DataflowConstProp,2861056,3.120688,20.682308,Success
EXP_DBL_0141,3,cfi-fixup,DataflowConstProp,2861056,3.137515,22.644798,Success
EXP_DBL_0142,1,cgdata-for-merging,DataflowConstProp,2861056,3.282509,19.263838,Success
EXP_DBL_0142,2,cgdata-for-merging,DataflowConstProp,2861056,3.166478,23.086740,Success
EXP_DBL_0142,3,cgdata-for-merging,DataflowConstProp,2861056,3.124345,19.527289,Success
EXP_DBL_0143,1,global-outlining,DataflowConstProp,2861056,3.136306,20.502668,Success
EXP_DBL_0143,2,global-outlining,DataflowConstProp,2861056,3.155291,19.292004,Success
EXP_DBL_0143,3,global-outlining,DataflowConstProp,2861056,3.158334,19.271108,Success
EXP_DBL_0144,1,last-run-tracking,DataflowConstProp,2861056,3.167713,21.539216,Success
EXP_DBL_0144,2,last-run-tracking,DataflowConstProp,2861056,3.160338,19.798006,Success
EXP_DBL_0144,3,last-run-tracking,DataflowConstProp,2861056,3.186830,19.159935,Success
EXP_DBL_0145,1,layout-fsprofile-loader,DataflowConstProp,2861056,3.147653,19.739771,Success
EXP_DBL_0145,2,layout-fsprofile-loader,DataflowConstProp,2861056,3.161998,20.074590,Success
EXP_DBL_0145,3,layout-fsprofile-loader,DataflowConstProp,2861056,3.163464,19.664783,Success
EXP_DBL_0146,1,nofree-inference,DataflowConstProp,2861056,3.142680,20.624851,Success
EXP_DBL_0146,2,nofree-inference,DataflowConstProp,2861056,3.111880,19.242663,Success
EXP_DBL_0146,3,nofree-inference,DataflowConstProp,2861056,3.132321,20.950449,Success
EXP_DBL_0147,1,nounwind-inference,DataflowConstProp,2874880,3.126335,19.328317,Success
EXP_DBL_0147,2,nounwind-inference,DataflowConstProp,2874880,3.093018,21.771141,Success
EXP_DBL_0147,3,nounwind-inference,DataflowConstProp,2874880,3.162976,21.356264,Success
EXP_DBL_0148,1,ondemand-mds-loading,DataflowConstProp,2861056,3.066202,19.991667,Success
EXP_DBL_0148,2,ondemand-mds-loading,DataflowConstProp,2861056,3.140183,20.740328,Success
EXP_DBL_0148,3,ondemand-mds-loading,DataflowConstProp,2861056,3.143846,20.970622,Success
EXP_DBL_0149,1,ra-fsprofile-loader,DataflowConstProp,2861056,3.122620,21.000299,Success
EXP_DBL_0149,2,ra-fsprofile-loader,DataflowConstProp,2861056,3.206805,20.240479,Success
EXP_DBL_0149,3,ra-fsprofile-loader,DataflowConstProp,2861056,3.131878,19.599594,Success
EXP_DBL_0150,1,sample-loader-inlining,DataflowConstProp,2861056,3.140898,19.739501,Success
EXP_DBL_0150,2,sample-loader-inlining,DataflowConstProp,2861056,3.142017,20.206651,Success
EXP_DBL_0150,3,sample-loader-inlining,DataflowConstProp,2861056,3.147540,19.812266,Success
EXP_DBL_0151,1,thinlto-funcattrs,DataflowConstProp,2861056,3.150555,20.363739,Success
EXP_DBL_0151,2,thinlto-funcattrs,DataflowConstProp,2861056,3.133008,19.027792,Success
EXP_DBL_0151,3,thinlto-funcattrs,DataflowConstProp,2861056,3.117004,20.963040,Success
EXP_DBL_0152,1,vp,DataflowConstProp,2861056,3.162239,22.670084,Success
EXP_DBL_0152,2,vp,DataflowConstProp,2861056,3.159338,21.681213,Success
EXP_DBL_0152,3,vp,DataflowConstProp,2861056,3.133076,19.177216,Success
EXP_DBL_0153,1,whole-program-visibility,DataflowConstProp,2861056,3.112683,21.351619,Success
EXP_DBL_0153,2,whole-program-visibility,DataflowConstProp,2861056,3.232499,20.863453,Success
EXP_DBL_0153,3,whole-program-visibility,DataflowConstProp,2861056,3.163447,19.600649,Success
EXP_DBL_0154,1,2addr-hack,DataflowConstProp,2861056,3.147957,21.028790,Success
EXP_DBL_0154,2,2addr-hack,DataflowConstProp,2861056,3.187075,23.134871,Success
EXP_DBL_0154,3,2addr-hack,DataflowConstProp,2861056,3.133825,20.224137,Success
EXP_DBL_0155,1,cgp,DataflowConstProp,2889728,3.158860,20.885257,Success
EXP_DBL_0155,2,cgp,DataflowConstProp,2889728,3.118384,22.342542,Success
EXP_DBL_0155,3,cgp,DataflowConstProp,2889728,3.168380,20.849756,Success
EXP_DBL_0156,1,cgp-gc-opts,DataflowConstProp,2861056,3.131179,19.825170,Success
EXP_DBL_0156,2,cgp-gc-opts,DataflowConstProp,2861056,3.165065,19.385543,Success
EXP_DBL_0156,3,cgp-gc-opts,DataflowConstProp,2861056,3.119564,21.585259,Success
EXP_DBL_0157,1,complex-addr-modes,DataflowConstProp,2861056,3.110739,21.156955,Success
EXP_DBL_0157,2,complex-addr-modes,DataflowConstProp,2861056,3.153460,20.617676,Success
EXP_DBL_0157,3,complex-addr-modes,DataflowConstProp,2861056,3.167423,21.156871,Success
EXP_DBL_0158,1,dfa-sched,DataflowConstProp,2861056,3.115285,21.998279,Success
EXP_DBL_0158,2,dfa-sched,DataflowConstProp,2861056,3.138669,20.946819,Success
EXP_DBL_0158,3,dfa-sched,DataflowConstProp,2861056,3.136857,22.012605,Success
EXP_DBL_0159,1,i2p-p2i-opt,DataflowConstProp,2861568,3.119787,22.506610,Success
EXP_DBL_0159,2,i2p-p2i-opt,DataflowConstProp,2861568,3.181864,21.048105,Success
EXP_DBL_0159,3,i2p-p2i-opt,DataflowConstProp,2861568,3.181139,21.209656,Success
EXP_DBL_0160,1,mr-partial-inlining,DataflowConstProp,2861056,3.131195,21.542762,Success
EXP_DBL_0160,2,mr-partial-inlining,DataflowConstProp,2861056,3.218206,22.111690,Success
EXP_DBL_0160,3,mr-partial-inlining,DataflowConstProp,2861056,3.140158,19.475434,Success
EXP_DBL_0161,1,partial-inlining,DataflowConstProp,2861056,3.124070,20.223907,Success
EXP_DBL_0161,2,partial-inlining,DataflowConstProp,2861056,3.161968,19.974226,Success
EXP_DBL_0161,3,partial-inlining,DataflowConstProp,2861056,3.135224,21.934167,Success
EXP_DBL_0162,1,partial-libcall-inlining,DataflowConstProp,2861056,3.146227,20.461075,Success
EXP_DBL_0162,2,partial-libcall-inlining,DataflowConstProp,2861056,3.072950,22.352406,Success
EXP_DBL_0162,3,partial-libcall-inlining,DataflowConstProp,2861056,3.140010,20.800588,Success
EXP_DBL_0163,1,peephole,DataflowConstProp,2889216,3.131270,22.713458,Success
EXP_DBL_0163,2,peephole,DataflowConstProp,2889216,3.076116,20.713896,Success
EXP_DBL_0163,3,peephole,DataflowConstProp,2889216,3.095374,21.555990,Success
EXP_DBL_0164,1,post-ra,DataflowConstProp,2861056,3.114798,19.609506,Success
EXP_DBL_0164,2,post-ra,DataflowConstProp,2861056,3.145772,19.292402,Success
EXP_DBL_0164,3,post-ra,DataflowConstProp,2861056,3.148591,19.195786,Success
EXP_DBL_0165,1,spill-fusing,DataflowConstProp,2869248,3.130188,20.205305,Success
EXP_DBL_0165,2,spill-fusing,DataflowConstProp,2869248,3.176063,20.079809,Success
EXP_DBL_0165,3,spill-fusing,DataflowConstProp,2869248,3.158315,19.957592,Success
EXP_DBL_0166,1,strictnode-mutation,DataflowConstProp,2861056,3.117747,19.024489,Success
EXP_DBL_0166,2,strictnode-mutation,DataflowConstProp,2861056,3.124200,19.449508,Success
EXP_DBL_0166,3,strictnode-mutation,DataflowConstProp,2861056,3.126619,19.643407,Success
EXP_DBL_0167,1,binop-extract-shuffle,DeadStoreElimination-final,2860032,3.102114,19.226942,Success
EXP_DBL_0167,2,binop-extract-shuffle,DeadStoreElimination-final,2860032,3.152899,21.087261,Success
EXP_DBL_0167,3,binop-extract-shuffle,DeadStoreElimination-final,2860032,3.137382,19.467862,Success
EXP_DBL_0168,1,expand-reductions,DeadStoreElimination-final,2860032,3.141209,21.555723,Success
EXP_DBL_0168,2,expand-reductions,DeadStoreElimination-final,2860032,3.144263,20.947788,Success
EXP_DBL_0168,3,expand-reductions,DeadStoreElimination-final,2860032,3.154080,22.153841,Success
EXP_DBL_0169,1,interleaved-load-combine,DeadStoreElimination-final,2860032,3.172158,19.385897,Success
EXP_DBL_0169,2,interleaved-load-combine,DeadStoreElimination-final,2860032,3.170453,21.968567,Success
EXP_DBL_0169,3,interleaved-load-combine,DeadStoreElimination-final,2860032,3.153667,21.309893,Success
EXP_DBL_0170,1,loop-idiom-vectorize-all,DeadStoreElimination-final,2860032,3.193059,20.577806,Success
EXP_DBL_0170,2,loop-idiom-vectorize-all,DeadStoreElimination-final,2860032,3.154892,21.104975,Success
EXP_DBL_0170,3,loop-idiom-vectorize-all,DeadStoreElimination-final,2860032,3.139516,19.054256,Success
EXP_DBL_0171,1,loop-idiom-vectorize-bytecmp,DeadStoreElimination-final,2860032,3.136709,22.392449,Success
EXP_DBL_0171,2,loop-idiom-vectorize-bytecmp,DeadStoreElimination-final,2860032,3.113063,21.477986,Success
EXP_DBL_0171,3,loop-idiom-vectorize-bytecmp,DeadStoreElimination-final,2860032,3.160764,20.925846,Success
EXP_DBL_0172,1,promote-alloca-to-vector,DeadStoreElimination-final,2860032,3.082287,21.125783,Success
EXP_DBL_0172,2,promote-alloca-to-vector,DeadStoreElimination-final,2860032,3.100491,19.734955,Success
EXP_DBL_0172,3,promote-alloca-to-vector,DeadStoreElimination-final,2860032,3.146306,20.656312,Success
EXP_DBL_0173,1,replace-with-vec-lib,DeadStoreElimination-final,2860032,3.130663,22.395797,Success
EXP_DBL_0173,2,replace-with-vec-lib,DeadStoreElimination-final,2860032,3.182564,20.165853,Success
EXP_DBL_0173,3,replace-with-vec-lib,DeadStoreElimination-final,2860032,3.141064,21.902501,Success
EXP_DBL_0174,1,vector-combine,DeadStoreElimination-final,2860032,3.092429,19.702583,Success
EXP_DBL_0174,2,vector-combine,DeadStoreElimination-final,2860032,3.061099,21.277974,Success
EXP_DBL_0174,3,vector-combine,DeadStoreElimination-final,2860032,3.144713,19.904793,Success
EXP_DBL_0175,1,advanced-peeling,DeadStoreElimination-final,2857472,3.174813,19.511554,Success
EXP_DBL_0175,2,advanced-peeling,DeadStoreElimination-final,2857472,3.173579,21.108516,Success
EXP_DBL_0175,3,advanced-peeling,DeadStoreElimination-final,2857472,3.157822,20.227707,Success
EXP_DBL_0176,1,lftr,DeadStoreElimination-final,2860544,3.168541,20.778326,Success
EXP_DBL_0176,2,lftr,DeadStoreElimination-final,2860544,3.135966,21.124800,Success
EXP_DBL_0176,3,lftr,DeadStoreElimination-final,2860544,3.148585,20.071842,Success
EXP_DBL_0177,1,licm-promotion,DeadStoreElimination-final,2858496,3.183478,18.963170,Success
EXP_DBL_0177,2,licm-promotion,DeadStoreElimination-final,2858496,3.186204,21.597204,Success
EXP_DBL_0177,3,licm-promotion,DeadStoreElimination-final,2858496,3.113603,20.797948,Success
EXP_DBL_0178,1,loop-level-heuristics,DeadStoreElimination-final,2860032,3.080375,21.008781,Success
EXP_DBL_0178,2,loop-level-heuristics,DeadStoreElimination-final,2860032,3.146453,20.623180,Success
EXP_DBL_0178,3,loop-level-heuristics,DeadStoreElimination-final,2860032,3.174013,20.407322,Success
EXP_DBL_0179,1,lsr,DeadStoreElimination-final,2862080,3.114520,20.511393,Success
EXP_DBL_0179,2,lsr,DeadStoreElimination-final,2862080,3.129580,19.106108,Success
EXP_DBL_0179,3,lsr,DeadStoreElimination-final,2862080,3.139842,19.365822,Success
EXP_DBL_0180,1,machine-licm,DeadStoreElimination-final,2836992,3.215757,19.809181,Success
EXP_DBL_0180,2,machine-licm,DeadStoreElimination-final,2836992,3.125908,21.120606,Success
EXP_DBL_0180,3,machine-licm,DeadStoreElimination-final,2836992,3.146030,23.107578,Success
EXP_DBL_0181,1,postra-machine-licm,DeadStoreElimination-final,2860032,3.123753,20.690019,Success
EXP_DBL_0181,2,postra-machine-licm,DeadStoreElimination-final,2860032,3.152144,19.097369,Success
EXP_DBL_0181,3,postra-machine-licm,DeadStoreElimination-final,2860032,3.156157,21.825417,Success
EXP_DBL_0182,1,preheader-prot,DeadStoreElimination-final,2860032,3.128205,21.388496,Success
EXP_DBL_0182,2,preheader-prot,DeadStoreElimination-final,2860032,3.149174,20.077545,Success
EXP_DBL_0182,3,preheader-prot,DeadStoreElimination-final,2860032,3.130640,19.295000,Success
EXP_DBL_0183,1,block-placement,DeadStoreElimination-final,2820608,3.123674,20.016403,Success
EXP_DBL_0183,2,block-placement,DeadStoreElimination-final,2820608,3.189565,19.768124,Success
EXP_DBL_0183,3,block-placement,DeadStoreElimination-final,2820608,3.140647,21.212788,Success
EXP_DBL_0184,1,branch-fold,DeadStoreElimination-final,2864640,3.124331,22.408216,Success
EXP_DBL_0184,2,branch-fold,DeadStoreElimination-final,2864640,3.160548,20.333828,Success
EXP_DBL_0184,3,branch-fold,DeadStoreElimination-final,2864640,3.147458,19.655931,Success
EXP_DBL_0185,1,cgp-branch-opts,DeadStoreElimination-final,2860032,3.140984,21.359291,Success
EXP_DBL_0185,2,cgp-branch-opts,DeadStoreElimination-final,2860032,3.131175,22.192395,Success
EXP_DBL_0185,3,cgp-branch-opts,DeadStoreElimination-final,2860032,3.170079,19.157483,Success
EXP_DBL_0186,1,cgp-select2branch,DeadStoreElimination-final,2859520,3.110101,19.215065,Success
EXP_DBL_0186,2,cgp-select2branch,DeadStoreElimination-final,2859520,3.115545,23.257629,Success
EXP_DBL_0186,3,cgp-select2branch,DeadStoreElimination-final,2859520,3.120750,19.515780,Success
EXP_DBL_0187,1,chr,DeadStoreElimination-final,2860032,3.162545,19.980272,Success
EXP_DBL_0187,2,chr,DeadStoreElimination-final,2860032,3.152030,21.479721,Success
EXP_DBL_0187,3,chr,DeadStoreElimination-final,2860032,3.152000,20.009445,Success
EXP_DBL_0188,1,early-ifcvt,DeadStoreElimination-final,2860032,3.120627,20.839983,Success
EXP_DBL_0188,2,early-ifcvt,DeadStoreElimination-final,2860032,3.134599,21.510371,Success
EXP_DBL_0188,3,early-ifcvt,DeadStoreElimination-final,2860032,3.098251,20.024726,Success
EXP_DBL_0189,1,early-taildup,DeadStoreElimination-final,2859520,3.199196,19.919921,Success
EXP_DBL_0189,2,early-taildup,DeadStoreElimination-final,2859520,3.123925,21.753070,Success
EXP_DBL_0189,3,early-taildup,DeadStoreElimination-final,2859520,3.068767,19.306681,Success
EXP_DBL_0190,1,ifcvt-diamond,DeadStoreElimination-final,2860032,3.170465,19.764128,Success
EXP_DBL_0190,2,ifcvt-diamond,DeadStoreElimination-final,2860032,3.137413,21.089667,Success
EXP_DBL_0190,3,ifcvt-diamond,DeadStoreElimination-final,2860032,3.119493,19.211570,Success
EXP_DBL_0191,1,ifcvt-forked-diamond,DeadStoreElimination-final,2860032,3.140176,21.205855,Success
EXP_DBL_0191,2,ifcvt-forked-diamond,DeadStoreElimination-final,2860032,3.121778,19.713917,Success
EXP_DBL_0191,3,ifcvt-forked-diamond,DeadStoreElimination-final,2860032,3.137010,21.629029,Success
EXP_DBL_0192,1,ifcvt-simple,DeadStoreElimination-final,2860032,3.150484,21.029409,Success
EXP_DBL_0192,2,ifcvt-simple,DeadStoreElimination-final,2860032,3.132287,19.525256,Success
EXP_DBL_0192,3,ifcvt-simple,DeadStoreElimination-final,2860032,3.176232,21.119048,Success
EXP_DBL_0193,1,ifcvt-simple-false,DeadStoreElimination-final,2860032,3.066429,19.434306,Success
EXP_DBL_0193,2,ifcvt-simple-false,DeadStoreElimination-final,2860032,3.086776,18.964279,Success
EXP_DBL_0193,3,ifcvt-simple-false,DeadStoreElimination-final,2860032,3.196485,19.194088,Success
EXP_DBL_0194,1,ifcvt-triangle,DeadStoreElimination-final,2860032,3.177188,19.478092,Success
EXP_DBL_0194,2,ifcvt-triangle,DeadStoreElimination-final,2860032,3.153676,20.738766,Success
EXP_DBL_0194,3,ifcvt-triangle,DeadStoreElimination-final,2860032,3.110629,19.252040,Success
EXP_DBL_0195,1,ifcvt-triangle-false,DeadStoreElimination-final,2860032,3.136117,21.336176,Success
EXP_DBL_0195,2,ifcvt-triangle-false,DeadStoreElimination-final,2860032,3.153766,19.906025,Success
EXP_DBL_0195,3,ifcvt-triangle-false,DeadStoreElimination-final,2860032,3.175186,20.341861,Success
EXP_DBL_0196,1,ifcvt-triangle-rev,DeadStoreElimination-final,2860032,3.156795,19.834815,Success
EXP_DBL_0196,2,ifcvt-triangle-rev,DeadStoreElimination-final,2860032,3.121897,19.459364,Success
EXP_DBL_0196,3,ifcvt-triangle-rev,DeadStoreElimination-final,2860032,3.172354,20.180805,Success
EXP_DBL_0197,1,tail-calls,DeadStoreElimination-final,2860032,3.157756,20.018583,Success
EXP_DBL_0197,2,tail-calls,DeadStoreElimination-final,2860032,3.128572,19.231665,Success
EXP_DBL_0197,3,tail-calls,DeadStoreElimination-final,2860032,3.140312,22.638111,Success
EXP_DBL_0198,1,tail-duplicate,DeadStoreElimination-final,2859520,3.170296,19.507112,Success
EXP_DBL_0198,2,tail-duplicate,DeadStoreElimination-final,2859520,3.106704,19.713179,Success
EXP_DBL_0198,3,tail-duplicate,DeadStoreElimination-final,2859520,3.110276,21.583768,Success
EXP_DBL_0199,1,cgp-ext-ld-promotion,DeadStoreElimination-final,2860032,3.120866,19.566717,Success
EXP_DBL_0199,2,cgp-ext-ld-promotion,DeadStoreElimination-final,2860032,3.125686,20.783447,Success
EXP_DBL_0199,3,cgp-ext-ld-promotion,DeadStoreElimination-final,2860032,3.105252,19.190658,Success
EXP_DBL_0200,1,cgp-store-extract,DeadStoreElimination-final,2860032,3.148612,21.911589,Success
EXP_DBL_0200,2,cgp-store-extract,DeadStoreElimination-final,2860032,3.085817,20.816072,Success
EXP_DBL_0200,3,cgp-store-extract,DeadStoreElimination-final,2860032,3.115183,20.043796,Success
EXP_DBL_0201,1,memop-opt,DeadStoreElimination-final,2860032,3.162222,20.326065,Success
EXP_DBL_0201,2,memop-opt,DeadStoreElimination-final,2860032,3.176266,19.923363,Success
EXP_DBL_0201,3,memop-opt,DeadStoreElimination-final,2860032,3.184835,21.912407,Success
EXP_DBL_0202,1,separate-const-offset-from-gep,DeadStoreElimination-final,2860032,3.254642,20.281171,Success
EXP_DBL_0202,2,separate-const-offset-from-gep,DeadStoreElimination-final,2860032,3.140343,25.251406,Success
EXP_DBL_0202,3,separate-const-offset-from-gep,DeadStoreElimination-final,2860032,3.167439,20.133441,Success
EXP_DBL_0203,1,adv-copy-opt,DeadStoreElimination-final,2860032,3.136571,20.400753,Success
EXP_DBL_0203,2,adv-copy-opt,DeadStoreElimination-final,2860032,3.136978,19.999984,Success
EXP_DBL_0203,3,adv-copy-opt,DeadStoreElimination-final,2860032,3.097913,20.523236,Success
EXP_DBL_0204,1,cgp-delete-phis,DeadStoreElimination-final,2860032,3.148295,20.227751,Success
EXP_DBL_0204,2,cgp-delete-phis,DeadStoreElimination-final,2860032,3.114528,21.401086,Success
EXP_DBL_0204,3,cgp-delete-phis,DeadStoreElimination-final,2860032,3.177912,20.008113,Success
EXP_DBL_0205,1,cleanups,DeadStoreElimination-final,0,0,0.000000,BuildFailed
EXP_DBL_0205,2,cleanups,DeadStoreElimination-final,0,0,0.000000,BuildFailed
EXP_DBL_0205,3,cleanups,DeadStoreElimination-final,0,0,0.000000,BuildFailed
EXP_DBL_0206,1,constant-hoisting,DeadStoreElimination-final,2860032,3.132912,21.922283,Success
EXP_DBL_0206,2,constant-hoisting,DeadStoreElimination-final,2860032,3.082153,20.047467,Success
EXP_DBL_0206,3,constant-hoisting,DeadStoreElimination-final,2860032,3.184574,22.216480,Success
EXP_DBL_0207,1,copyprop,DeadStoreElimination-final,2861056,3.141955,20.324873,Success
EXP_DBL_0207,2,copyprop,DeadStoreElimination-final,2861056,3.147663,22.085898,Success
EXP_DBL_0207,3,copyprop,DeadStoreElimination-final,2861056,3.153214,19.127265,Success
EXP_DBL_0208,1,demotion,DeadStoreElimination-final,2851328,3.178927,19.480202,Success
EXP_DBL_0208,2,demotion,DeadStoreElimination-final,2851328,3.146783,21.901230,Success
EXP_DBL_0208,3,demotion,DeadStoreElimination-final,2851328,3.143061,18.858276,Success
EXP_DBL_0209,1,gep-const-evaluation,DeadStoreElimination-final,2860032,3.152693,22.076939,Success
EXP_DBL_0209,2,gep-const-evaluation,DeadStoreElimination-final,2860032,3.160435,19.324380,Success
EXP_DBL_0209,3,gep-const-evaluation,DeadStoreElimination-final,2860032,3.137937,21.730376,Success
EXP_DBL_0210,1,icp,DeadStoreElimination-final,2860032,3.193791,20.899534,Success
EXP_DBL_0210,2,icp,DeadStoreElimination-final,2860032,3.165263,20.098690,Success
EXP_DBL_0210,3,icp,DeadStoreElimination-final,2860032,3.127351,23.990417,Success
EXP_DBL_0211,1,machine-cse,DeadStoreElimination-final,2859520,3.156794,22.178418,Success
EXP_DBL_0211,2,machine-cse,DeadStoreElimination-final,2859520,3.145201,20.126565,Success
EXP_DBL_0211,3,machine-cse,DeadStoreElimination-final,2859520,3.163714,22.679331,Success
EXP_DBL_0212,1,machine-dce,DeadStoreElimination-final,0,0,0.000000,BuildFailed
EXP_DBL_0212,2,machine-dce,DeadStoreElimination-final,0,0,0.000000,BuildFailed
