ConfigName,RunID,LLVM_Pass,MIR_Pass,BinarySize(Bytes),NsPerIter,MBps,TotalRuntime(s),CompileTime(s),Status
EXP_000_ALL_OFF,1,None,All,15791512,7509794.65,2792,6.925931,85.306324,Success
EXP_ABL_001_CopyProp,1,None,CopyProp,15721176,7529001.90,2785,6.738238,85.936157,Success
EXP_ABL_002_DataflowConstProp,1,None,DataflowConstProp,15721160,7686787.45,2728,6.834249,78.576367,Success
EXP_ABL_003_DeadStoreElimination-final,1,None,DeadStoreElimination-final,15723624,7984631.50,2626,7.169105,80.988644,Success
EXP_ABL_004_DeadStoreElimination-initial,1,None,DeadStoreElimination-initial,15721384,8020795.95,2614,7.442502,113.789880,Success
EXP_ABL_005_DestinationPropagation,1,None,DestinationPropagation,15720208,7770254.60,2698,7.279132,98.300469,Success
EXP_ABL_006_EarlyOtherwiseBranch,1,None,EarlyOtherwiseBranch,15721224,7934379.20,2643,7.255037,101.201514,Success
EXP_ABL_007_EnumSizeOpt,1,None,EnumSizeOpt,15721160,7531649.75,2784,7.233893,96.852775,Success
EXP_ABL_008_ForceInline,1,None,ForceInline,15721160,8115438.40,2584,7.467085,99.379028,Success
EXP_ABL_009_GVN,1,None,GVN,15717000,8137977.60,2576,7.398719,96.978048,Success
EXP_ABL_010_ImpossiblePredicates,1,None,ImpossiblePredicates,15721160,8291381.15,2529,7.686169,99.153647,Success
EXP_ABL_011_Inline,1,None,Inline,15792400,7846001.70,2672,7.392327,104.497468,Success
EXP_ABL_012_InstSimplify-after-simplifycfg,1,None,InstSimplify-after-simplifycfg,15719912,8292836.90,2528,7.525138,94.040746,Success
EXP_ABL_013_InstSimplify-before-inline,1,None,InstSimplify-before-inline,15721224,8167011.60,2567,7.708069,98.814281,Success
EXP_ABL_014_JumpThreading,1,None,JumpThreading,15723696,8076754.65,2596,7.486208,117.878738,Success
EXP_ABL_015_MatchBranchSimplification,1,None,MatchBranchSimplification,15723560,7541261.10,2780,7.355245,101.430134,Success
EXP_ABL_016_ReferencePropagation,1,None,ReferencePropagation,15719840,8571757.60,2446,7.768185,98.596511,Success
EXP_ABL_017_ScalarReplacementOfAggregates,1,None,ScalarReplacementOfAggregates,15721040,9170896.25,2286,8.432894,101.099199,Success
EXP_ABL_018_SingleUseConsts,1,None,SingleUseConsts,15721160,8157542.40,2570,7.609829,99.626025,Success
EXP_ABL_019_UnreachableEnumBranching,1,None,UnreachableEnumBranching,15720032,7555087.50,2775,7.097672,106.028318,Success
EXP_ABL_020_UnreachablePropagation,1,None,UnreachablePropagation,15721160,8827700.10,2375,7.723666,94.202227,Success
EXP_000_DEFAULT,1,baseline,N/A,15721160,8654389.90,2423,8.006557,102.980899,Success
EXP_001_DISABLE_ALL,1,All,N/A,15893968,7895730.60,2656,7.467419,95.269480,Success
EXP_ABL_001_disable-binop-extract-shuffle,1,binop-extract-shuffle,N/A,15721176,8157377.80,2570,7.658826,109.683249,Success
EXP_ABL_002_disable-expand-reductions,1,expand-reductions,N/A,15721160,7257898.55,2889,6.732314,96.852965,Success
EXP_ABL_003_disable-interleaved-load-combine,1,interleaved-load-combine,N/A,15721160,7671326.75,2733,7.574390,95.289972,Success
EXP_ABL_004_disable-loop-idiom-vectorize-all,1,loop-idiom-vectorize-all,N/A,15721160,7981545.45,2627,7.624748,101.205833,Success
EXP_ABL_005_disable-loop-idiom-vectorize-bytecmp,1,loop-idiom-vectorize-bytecmp,N/A,15721160,8024573.40,2613,7.397330,100.174472,Success
EXP_ABL_006_disable-promote-alloca-to-vector,1,promote-alloca-to-vector,N/A,15721160,7682501.30,2729,7.161826,93.253366,Success
EXP_ABL_007_disable-replace-with-vec-lib,1,replace-with-vec-lib,N/A,15721160,8744825.10,2398,3.149898,101.051562,Success
EXP_ABL_008_disable-vector-combine,1,vector-combine,N/A,15721176,8071338.40,2598,7.268373,104.651656,Success
EXP_ABL_009_disable-advanced-peeling,1,advanced-peeling,N/A,15719112,8891663.80,2358,8.033457,95.663540,Success
EXP_ABL_010_disable-lftr,1,lftr,N/A,15719416,8376224.95,2503,7.667845,96.788771,Success
EXP_ABL_011_disable-licm-promotion,1,licm-promotion,N/A,15718560,8270894.05,2535,7.592879,94.408470,Success
EXP_ABL_012_disable-loop-level-heuristics,1,loop-level-heuristics,N/A,15721160,7637800.60,2745,7.342616,100.278675,Success
EXP_ABL_013_disable-lsr,1,lsr,N/A,15717704,7609507.75,2755,7.055806,94.492187,Success
EXP_ABL_014_disable-machine-licm,1,machine-licm,N/A,15709880,8673155.05,2417,7.777470,93.456342,Success
EXP_ABL_015_disable-postra-machine-licm,1,postra-machine-licm,N/A,15721176,8535187.75,2457,8.074980,98.767292,Success
EXP_ABL_016_disable-preheader-prot,1,preheader-prot,N/A,15721144,7738258.70,2710,7.275954,100.864883,Success
EXP_ABL_017_disable-block-placement,1,block-placement,N/A,15663608,8198876.25,2557,8.092725,99.706459,Success
EXP_ABL_018_disable-branch-fold,1,branch-fold,N/A,15732424,8730830.40,2402,8.311749,99.806314,Success
EXP_ABL_019_disable-cgp-branch-opts,1,cgp-branch-opts,N/A,15721176,8487400.20,2470,7.612361,102.309209,Success
EXP_ABL_020_disable-cgp-select2branch,1,cgp-select2branch,N/A,15720968,7860300.00,2668,7.177095,97.988422,Success
EXP_ABL_021_disable-chr,1,chr,N/A,15721160,8462373.70,2478,7.823370,96.526382,Success
EXP_ABL_022_disable-early-ifcvt,1,early-ifcvt,N/A,15721160,8093721.10,2591,7.858973,99.785891,Success
EXP_ABL_023_disable-early-taildup,1,early-taildup,N/A,15719064,7372563.40,2844,6.888057,97.157669,Success
EXP_ABL_024_disable-ifcvt-diamond,1,ifcvt-diamond,N/A,15721160,8274849.25,2534,7.498942,94.864354,Success
EXP_ABL_025_disable-ifcvt-forked-diamond,1,ifcvt-forked-diamond,N/A,15721160,7943788.90,2639,3.078613,93.910050,Success
EXP_ABL_026_disable-ifcvt-simple,1,ifcvt-simple,N/A,15721160,8116905.00,2583,7.687736,98.483103,Success
EXP_ABL_027_disable-ifcvt-simple-false,1,ifcvt-simple-false,N/A,15721160,7591413.10,2762,7.491984,102.335300,Success
EXP_ABL_028_disable-ifcvt-triangle,1,ifcvt-triangle,N/A,15721160,7721538.90,2715,7.508116,92.384196,Success
EXP_ABL_029_disable-ifcvt-triangle-false,1,ifcvt-triangle-false,N/A,15721160,9286238.60,2258,7.859079,92.232210,Success
EXP_ABL_030_disable-ifcvt-triangle-rev,1,ifcvt-triangle-rev,N/A,15721160,8698119.20,2411,7.669777,94.888126,Success
EXP_ABL_031_disable-tail-calls,1,tail-calls,N/A,15721160,8572437.95,2446,7.721617,94.724990,Success
EXP_ABL_032_disable-tail-duplicate,1,tail-duplicate,N/A,15720136,8056062.10,2603,7.378895,86.876132,Success
EXP_ABL_033_disable-cgp-ext-ld-promotion,1,cgp-ext-ld-promotion,N/A,15721560,8206025.30,2555,7.682107,87.536608,Success
EXP_ABL_034_disable-cgp-store-extract,1,cgp-store-extract,N/A,15721160,7767899.00,2699,7.520138,89.045020,Success
EXP_ABL_035_disable-memop-opt,1,memop-opt,N/A,15721160,8267473.85,2536,7.507658,91.184037,Success
EXP_ABL_036_disable-separate-const-offset-from-gep,1,separate-const-offset-from-gep,N/A,15721160,7620151.70,2752,7.003099,87.842043,Success
EXP_ABL_037_disable-adv-copy-opt,1,adv-copy-opt,N/A,15721160,8688745.55,2413,7.948248,86.723504,Success
EXP_ABL_038_disable-cgp-delete-phis,1,cgp-delete-phis,N/A,15721160,8063451.10,2600,7.586542,84.404123,Success
EXP_ABL_039_disable-cleanups,1,cleanups,N/A,15721160,7911729.95,2650,7.507673,85.005504,Success
EXP_ABL_040_disable-constant-hoisting,1,constant-hoisting,N/A,15718584,7641602.10,2744,7.145581,87.406618,Success
EXP_ABL_041_disable-copyprop,1,copyprop,N/A,15723688,8248969.20,2542,7.902145,102.100040,Success
EXP_ABL_042_disable-demotion,1,demotion,N/A,15721160,8178247.05,2564,7.607704,100.172956,Success
EXP_ABL_043_disable-gep-const-evaluation,1,gep-const-evaluation,N/A,15721160,8264482.25,2537,7.699335,104.677206,Success
EXP_ABL_044_disable-icp,1,icp,N/A,15721160,7552098.45,2776,7.199784,106.361127,Success
EXP_ABL_045_disable-machine-cse,1,machine-cse,N/A,15725240,7993553.60,2623,7.520068,100.825113,Success
EXP_ABL_046_disable-machine-dce,1,machine-dce,N/A,15722696,8211051.40,2554,7.963740,98.533656,Success
EXP_ABL_047_disable-machine-sink,1,machine-sink,N/A,15723800,8097525.40,2589,7.576660,104.510429,Success
EXP_ABL_048_disable-mergeicmps,1,mergeicmps,N/A,15721160,7887270.30,2658,7.342320,101.773054,Success
EXP_ABL_049_disable-non-allocatable-phys-copy-opt,1,non-allocatable-phys-copy-opt,N/A,15721160,7815644.10,2683,7.132807,96.078365,Success
EXP_ABL_050_disable-phi-elim-edge-splitting,1,phi-elim-edge-splitting,N/A,15721624,8262274.40,2538,7.699379,99.908693,Success
EXP_ABL_051_disable-postra-machine-sink,1,postra-machine-sink,N/A,15721448,8171355.80,2566,7.453008,105.138580,Success
EXP_ABL_052_disable-preinline,1,preinline,N/A,15721160,8119635.80,2582,7.416064,104.015000,Success
EXP_ABL_053_disable-select-optimize,1,select-optimize,N/A,15721160,7717559.10,2717,7.121284,104.264506,Success
EXP_ABL_054_disable-ssc,1,ssc,N/A,15726216,8543502.15,2454,8.069100,105.009629,Success
EXP_ABL_055_disable-type-promotion,1,type-promotion,N/A,15721160,7419571.25,2826,7.068257,102.940772,Success
EXP_ABL_056_disable-auto-upgrade-debug-info,1,auto-upgrade-debug-info,N/A,15721160,7831139.75,2677,7.228878,100.480595,Success
EXP_ABL_057_disable-bitcode-version-upgrade,1,bitcode-version-upgrade,N/A,15721160,8292133.95,2529,7.760033,95.918935,Success
EXP_ABL_058_disable-cfi-fixup,1,cfi-fixup,N/A,15721160,8420188.35,2490,7.707615,109.902626,Success
EXP_ABL_059_disable-cgdata-for-merging,1,cgdata-for-merging,N/A,15721160,8485302.15,2471,7.629939,98.244814,Success
EXP_ABL_060_disable-global-outlining,1,global-outlining,N/A,15721160,8483655.75,2471,7.751590,95.630129,Success
EXP_ABL_061_disable-last-run-tracking,1,last-run-tracking,N/A,15721160,8458247.90,2479,7.893330,107.869234,Success
EXP_ABL_062_disable-layout-fsprofile-loader,1,layout-fsprofile-loader,N/A,15721160,8301566.10,2526,7.522876,105.381329,Success
EXP_ABL_063_disable-nofree-inference,1,nofree-inference,N/A,15721160,7519622.35,2788,7.250478,96.388594,Success
EXP_ABL_064_disable-nounwind-inference,1,nounwind-inference,N/A,15744128,8180726.80,2563,7.477275,94.331938,Success
EXP_ABL_065_disable-ondemand-mds-loading,1,ondemand-mds-loading,N/A,15721160,8785724.50,2386,8.090516,97.422774,Success
EXP_ABL_066_disable-ra-fsprofile-loader,1,ra-fsprofile-loader,N/A,15721160,8045899.95,2606,7.652414,121.328283,Success
EXP_ABL_067_disable-sample-loader-inlining,1,sample-loader-inlining,N/A,15721160,7874009.20,2663,7.572913,98.446400,Success
EXP_ABL_068_disable-thinlto-funcattrs,1,thinlto-funcattrs,N/A,15721160,8222948.20,2550,7.714380,96.632343,Success
EXP_ABL_069_disable-vp,1,vp,N/A,15721160,8629773.95,2430,7.822382,97.776565,Success
EXP_ABL_070_disable-whole-program-visibility,1,whole-program-visibility,N/A,15721160,7946858.25,2638,7.340751,98.927253,Success
EXP_ABL_071_disable-2addr-hack,1,2addr-hack,N/A,15721160,8424214.10,2489,7.604507,96.336340,Success
EXP_ABL_072_disable-cgp,1,cgp,N/A,15755320,8608839.90,2436,8.235008,95.987956,Success
EXP_ABL_073_disable-cgp-gc-opts,1,cgp-gc-opts,N/A,15721160,8551620.10,2452,7.875398,114.819706,Success
EXP_ABL_074_disable-complex-addr-modes,1,complex-addr-modes,N/A,15722120,7438659.00,2819,7.233883,99.966285,Success
EXP_ABL_075_disable-dfa-sched,1,dfa-sched,N/A,15721160,8362920.65,2507,7.465583,96.000686,Success
EXP_ABL_076_disable-i2p-p2i-opt,1,i2p-p2i-opt,N/A,15721408,9125334.65,2298,8.320083,102.190471,Success
EXP_ABL_077_disable-mr-partial-inlining,1,mr-partial-inlining,N/A,15721160,8291694.35,2529,7.945154,104.394124,Success
EXP_ABL_078_disable-partial-inlining,1,partial-inlining,N/A,15721160,8778949.75,2388,7.899906,97.150774,Success
EXP_ABL_079_disable-partial-libcall-inlining,1,partial-libcall-inlining,N/A,15721160,8599577.10,2438,8.088497,100.099324,Success
EXP_ABL_080_disable-peephole,1,peephole,N/A,15761688,8894098.85,2357,8.399699,98.849522,Success
EXP_ABL_081_disable-post-ra,1,post-ra,N/A,15721160,7653379.30,2740,7.372280,92.917164,Success
EXP_ABL_082_disable-spill-fusing,1,spill-fusing,N/A,15742488,8230848.45,2547,7.930975,91.454959,Success
EXP_ABL_083_disable-strictnode-mutation,1,strictnode-mutation,N/A,15721160,8603195.25,2437,7.740329,96.829550,Success
EXP_DBL_000_BASELINE,1,baseline,baseline,15721160,8294232.50,2528,7.568117,96.693606,Success
EXP_DBL_0001,1,binop-extract-shuffle,CopyProp,15721192,7863057.10,2667,7.451085,92.650512,Success
EXP_DBL_0002,1,expand-reductions,CopyProp,15721176,8797742.40,2383,8.188678,97.931057,Success
EXP_DBL_0003,1,interleaved-load-combine,CopyProp,15721176,8009063.35,2618,7.422078,97.272161,Success
EXP_DBL_0004,1,loop-idiom-vectorize-all,CopyProp,15721176,8228551.45,2548,7.329484,94.275188,Success
EXP_DBL_0005,1,loop-idiom-vectorize-bytecmp,CopyProp,15721176,7641316.25,2744,7.070693,101.522345,Success
EXP_DBL_0006,1,promote-alloca-to-vector,CopyProp,15721176,7852989.95,2670,7.879468,115.437201,Success
EXP_DBL_0007,1,replace-with-vec-lib,CopyProp,15721176,7505710.70,2794,6.921519,92.468009,Success
EXP_DBL_0008,1,vector-combine,CopyProp,15721192,7665922.15,2735,7.510066,89.156608,Success
EXP_DBL_0009,1,advanced-peeling,CopyProp,15719080,8120810.20,2582,7.449320,94.562615,Success
EXP_DBL_0010,1,lftr,CopyProp,15719432,9068626.40,2312,7.838107,92.202307,Success
EXP_DBL_0011,1,licm-promotion,CopyProp,15718544,8266044.90,2537,7.329590,87.940782,Success
EXP_DBL_0012,1,loop-level-heuristics,CopyProp,15721176,7822951.35,2680,7.283936,84.449615,Success
EXP_DBL_0013,1,lsr,CopyProp,15717784,7738092.60,2710,7.448905,83.073163,Success
EXP_DBL_0014,1,machine-licm,CopyProp,15710120,7910671.75,2651,7.275296,100.674188,Success
EXP_DBL_0015,1,postra-machine-licm,CopyProp,15721176,7970506.15,2631,7.556517,85.192984,Success
EXP_DBL_0016,1,preheader-prot,CopyProp,15721176,7428521.25,2823,7.121345,87.116801,Success
EXP_DBL_0017,1,block-placement,CopyProp,15663576,8128426.15,2580,7.302830,102.278898,Success
EXP_DBL_0018,1,branch-fold,CopyProp,15732408,8418902.90,2491,8.088796,102.668657,Success
EXP_DBL_0019,1,cgp-branch-opts,CopyProp,15721192,8134724.75,2578,7.278695,103.875433,Success
EXP_DBL_0020,1,cgp-select2branch,CopyProp,15720968,8019126.75,2615,7.357045,97.458840,Success
EXP_DBL_0021,1,chr,CopyProp,15721176,8299334.45,2526,7.446636,97.135697,Success
EXP_DBL_0022,1,early-ifcvt,CopyProp,15721176,8458453.65,2479,7.568219,104.449918,Success
EXP_DBL_0023,1,early-taildup,CopyProp,15718984,7710929.90,2719,7.115986,94.917912,Success
EXP_DBL_0024,1,ifcvt-diamond,CopyProp,15721176,7804517.90,2687,7.436032,98.010793,Success
EXP_DBL_0025,1,ifcvt-forked-diamond,CopyProp,15721176,8507621.20,2465,7.861038,100.655942,Success
EXP_DBL_0026,1,ifcvt-simple,CopyProp,15721176,7908096.55,2651,7.336495,98.958530,Success
EXP_DBL_0027,1,ifcvt-simple-false,CopyProp,15721176,7608632.30,2756,7.023398,101.936640,Success
EXP_DBL_0028,1,ifcvt-triangle,CopyProp,15721176,8733571.40,2401,8.115183,99.564158,Success
EXP_DBL_0029,1,ifcvt-triangle-false,CopyProp,15721176,8806204.20,2381,8.083899,101.453649,Success
EXP_DBL_0030,1,ifcvt-triangle-rev,CopyProp,15721176,8298259.15,2527,7.653686,106.059932,Success
EXP_DBL_0031,1,tail-calls,CopyProp,15721176,8428836.00,2488,7.945506,105.721673,Success
EXP_DBL_0032,1,tail-duplicate,CopyProp,15720072,7626066.95,2749,7.306059,118.195357,Success
EXP_DBL_0033,1,cgp-ext-ld-promotion,CopyProp,15721512,7890563.00,2657,7.209653,97.160768,Success
EXP_DBL_0034,1,cgp-store-extract,CopyProp,15721176,8317451.35,2521,7.579333,100.051233,Success
EXP_DBL_0035,1,memop-opt,CopyProp,15721176,8659900.95,2421,7.773818,105.335516,Success
EXP_DBL_0036,1,separate-const-offset-from-gep,CopyProp,15721176,8149338.55,2573,7.439408,102.232537,Success
EXP_DBL_0037,1,adv-copy-opt,CopyProp,15721176,7889977.85,2657,7.256290,93.112707,Success
EXP_DBL_0038,1,cgp-delete-phis,CopyProp,15721176,8625539.05,2431,7.966577,96.879817,Success
EXP_DBL_0039,1,cleanups,CopyProp,15721176,8105286.55,2587,7.670619,119.952293,Success
EXP_DBL_0040,1,constant-hoisting,CopyProp,15718568,8766210.45,2392,7.815253,102.859601,Success
EXP_DBL_0041,1,copyprop,CopyProp,15723720,8440800.80,2484,7.814133,101.510092,Success
EXP_DBL_0042,1,demotion,CopyProp,15721176,7681683.85,2730,7.141135,98.650099,Success
EXP_DBL_0043,1,gep-const-evaluation,CopyProp,15721176,7775191.10,2697,7.204547,91.493913,Success
EXP_DBL_0044,1,icp,CopyProp,15721176,8394315.65,2498,7.908999,97.212809,Success
EXP_DBL_0045,1,machine-cse,CopyProp,15725240,8002658.05,2620,7.358458,96.279389,Success
EXP_DBL_0046,1,machine-dce,CopyProp,15722664,7525924.45,2786,6.831612,95.086103,Success
EXP_DBL_0047,1,machine-sink,CopyProp,15723768,7615646.90,2753,7.282661,86.748358,Success
EXP_DBL_0048,1,mergeicmps,CopyProp,15721176,8292981.15,2528,7.706909,93.290219,Success
EXP_DBL_0049,1,non-allocatable-phys-copy-opt,CopyProp,15721176,9006774.85,2328,8.011243,93.267475,Success
EXP_DBL_0050,1,phi-elim-edge-splitting,CopyProp,15721576,7764510.40,2700,7.516898,92.354464,Success
EXP_DBL_0051,1,postra-machine-sink,CopyProp,15721400,7882383.70,2660,7.671256,91.668304,Success
EXP_DBL_0052,1,preinline,CopyProp,15721176,9158152.25,2289,9.711043,99.205272,Success
EXP_DBL_0053,1,select-optimize,CopyProp,15721176,9208738.50,2277,8.304759,101.012077,Success
EXP_DBL_0054,1,ssc,CopyProp,15726152,8078402.50,2595,7.645261,99.141580,Success
EXP_DBL_0055,1,type-promotion,CopyProp,15721176,7509873.80,2792,7.113456,95.569213,Success
EXP_DBL_0056,1,auto-upgrade-debug-info,CopyProp,15721176,8306122.30,2524,7.733445,92.842787,Success
EXP_DBL_0057,1,bitcode-version-upgrade,CopyProp,15721176,8237688.35,2545,7.460712,93.870484,Success
EXP_DBL_0058,1,cfi-fixup,CopyProp,15721176,8457735.70,2479,7.960339,94.651695,Success
EXP_DBL_0059,1,cgdata-for-merging,CopyProp,15721176,8566856.55,2447,7.924361,93.368897,Success
EXP_DBL_0060,1,global-outlining,CopyProp,15721176,8718326.10,2405,8.112067,93.390044,Success
EXP_DBL_0061,1,last-run-tracking,CopyProp,15721176,7985746.65,2626,7.526176,99.192543,Success
EXP_DBL_0062,1,layout-fsprofile-loader,CopyProp,15721176,8663099.35,2420,8.118515,96.091582,Success
EXP_DBL_0063,1,nofree-inference,CopyProp,15721176,9080520.95,2309,7.947293,94.333658,Success
EXP_DBL_0064,1,nounwind-inference,CopyProp,15744112,8758424.40,2394,8.413999,97.902659,Success
EXP_DBL_0065,1,ondemand-mds-loading,CopyProp,15721176,8778552.90,2388,7.734097,93.816349,Success
EXP_DBL_0066,1,ra-fsprofile-loader,CopyProp,15721176,8024600.35,2613,7.969012,92.635819,Success
EXP_DBL_0067,1,sample-loader-inlining,CopyProp,15721176,8096446.65,2590,7.300605,95.299406,Success
EXP_DBL_0068,1,thinlto-funcattrs,CopyProp,15721176,7995599.30,2622,7.562883,89.430287,Success
EXP_DBL_0069,1,vp,CopyProp,15721176,8760435.80,2393,8.077075,88.453575,Success
EXP_DBL_0070,1,whole-program-visibility,CopyProp,15721176,9306896.80,2253,8.209421,94.419910,Success
EXP_DBL_0071,1,2addr-hack,CopyProp,15721176,8456257.65,2480,7.978922,87.785304,Success
EXP_DBL_0072,1,cgp,CopyProp,15755128,7589735.10,2763,6.951954,87.291569,Success
EXP_DBL_0073,1,cgp-gc-opts,CopyProp,15721176,8095503.65,2590,7.148213,92.192870,Success
EXP_DBL_0074,1,complex-addr-modes,CopyProp,15722312,8591116.95,2441,8.085163,89.352313,Success
EXP_DBL_0075,1,dfa-sched,CopyProp,15721176,8416938.15,2491,7.451892,93.706076,Success
EXP_DBL_0076,1,i2p-p2i-opt,CopyProp,15721424,7796993.55,2689,7.226082,86.356305,Success
EXP_DBL_0077,1,mr-partial-inlining,CopyProp,15721176,7594194.55,2761,6.924973,89.815613,Success
EXP_DBL_0078,1,partial-inlining,CopyProp,15721176,8127632.50,2580,7.467685,84.960892,Success
EXP_DBL_0079,1,partial-libcall-inlining,CopyProp,15721176,8272017.55,2535,7.473568,86.341204,Success
EXP_DBL_0080,1,peephole,CopyProp,15761400,7820439.55,2681,7.086360,87.341565,Success
EXP_DBL_0081,1,post-ra,CopyProp,15721176,7612521.90,2754,7.040688,85.424193,Success
EXP_DBL_0082,1,spill-fusing,CopyProp,15742456,8776160.60,2389,7.771036,86.926016,Success
EXP_DBL_0083,1,strictnode-mutation,CopyProp,15721176,7737944.80,2710,7.060987,82.846725,Success
EXP_DBL_0084,1,binop-extract-shuffle,DataflowConstProp,15721176,7735587.75,2711,7.078610,83.921955,Success
EXP_DBL_0085,1,expand-reductions,DataflowConstProp,15721160,8153113.50,2572,7.644069,85.987753,Success
EXP_DBL_0086,1,interleaved-load-combine,DataflowConstProp,15721160,7928360.95,2645,7.218036,82.235098,Success
EXP_DBL_0087,1,loop-idiom-vectorize-all,DataflowConstProp,15721160,8128080.85,2580,7.520685,86.248214,Success
EXP_DBL_0088,1,loop-idiom-vectorize-bytecmp,DataflowConstProp,15721160,7792511.75,2691,7.228694,83.566961,Success
EXP_DBL_0089,1,promote-alloca-to-vector,DataflowConstProp,15721160,8675895.85,2417,7.585129,89.080248,Success
EXP_DBL_0090,1,replace-with-vec-lib,DataflowConstProp,15721160,7867499.75,2665,7.116701,81.142583,Success
EXP_DBL_0091,1,vector-combine,DataflowConstProp,15721176,8060678.90,2601,7.364878,84.717433,Success
EXP_DBL_0092,1,advanced-peeling,DataflowConstProp,15719112,9093204.10,2306,7.831577,82.704766,Success
EXP_DBL_0093,1,lftr,DataflowConstProp,15719416,8071892.30,2598,7.513509,89.836589,Success
EXP_DBL_0094,1,licm-promotion,DataflowConstProp,15718560,7832911.55,2677,7.410613,84.006239,Success
EXP_DBL_0095,1,loop-level-heuristics,DataflowConstProp,15721160,7913284.10,2650,7.163961,87.902557,Success
EXP_DBL_0096,1,lsr,DataflowConstProp,15717704,9021684.65,2324,8.348399,88.701011,Success
EXP_DBL_0097,1,machine-licm,DataflowConstProp,15709880,7931386.80,2644,7.282093,88.375944,Success
EXP_DBL_0098,1,postra-machine-licm,DataflowConstProp,15721176,8652114.30,2423,7.928762,81.248822,Success
EXP_DBL_0099,1,preheader-prot,DataflowConstProp,15721144,8333025.05,2516,7.670823,98.593531,Success
EXP_DBL_0100,1,block-placement,DataflowConstProp,15663608,8226636.30,2549,7.755997,105.137505,Success
EXP_DBL_0101,1,branch-fold,DataflowConstProp,15732424,8284616.05,2531,7.754557,98.623815,Success
EXP_DBL_0102,1,cgp-branch-opts,DataflowConstProp,15721176,7920896.65,2647,7.603016,96.436918,Success
EXP_DBL_0103,1,cgp-select2branch,DataflowConstProp,15720968,8207181.95,2555,7.740046,96.893983,Success
EXP_DBL_0104,1,chr,DataflowConstProp,15721160,8747762.95,2397,8.156681,98.936219,Success
EXP_DBL_0105,1,early-ifcvt,DataflowConstProp,15721160,7664072.15,2736,7.206365,97.273296,Success
EXP_DBL_0106,1,early-taildup,DataflowConstProp,15719064,8315957.20,2521,7.804711,91.268584,Success
EXP_DBL_0107,1,ifcvt-diamond,DataflowConstProp,15721160,8103920.15,2587,7.733355,97.211418,Success
EXP_DBL_0108,1,ifcvt-forked-diamond,DataflowConstProp,15721160,8560239.20,2449,7.689011,99.669361,Success
EXP_DBL_0109,1,ifcvt-simple,DataflowConstProp,15721160,7866637.75,2665,7.176742,94.706305,Success
EXP_DBL_0110,1,ifcvt-simple-false,DataflowConstProp,15721160,8951176.50,2342,3.104937,92.305459,Success
EXP_DBL_0111,1,ifcvt-triangle,DataflowConstProp,15721160,9112530.15,2301,8.160861,96.814291,Success
EXP_DBL_0112,1,ifcvt-triangle-false,DataflowConstProp,15721160,8617459.60,2433,8.009085,101.340453,Success
EXP_DBL_0113,1,ifcvt-triangle-rev,DataflowConstProp,15721160,8728394.70,2402,7.939575,116.010858,Success
EXP_DBL_0114,1,tail-calls,DataflowConstProp,15721160,7859402.40,2668,7.352799,99.795162,Success
EXP_DBL_0115,1,tail-duplicate,DataflowConstProp,15720136,8314055.60,2522,7.612380,95.213209,Success
EXP_DBL_0116,1,cgp-ext-ld-promotion,DataflowConstProp,15721560,8970309.50,2337,9.790979,97.073457,Success
EXP_DBL_0117,1,cgp-store-extract,DataflowConstProp,15721160,8702878.85,2409,8.044349,99.747659,Success
EXP_DBL_0118,1,memop-opt,DataflowConstProp,15721160,8187638.20,2561,8.016607,98.633395,Success
EXP_DBL_0119,1,separate-const-offset-from-gep,DataflowConstProp,15721160,7652043.35,2740,7.114317,93.162142,Success
EXP_DBL_0120,1,adv-copy-opt,DataflowConstProp,15721160,8090699.30,2592,7.710255,97.266237,Success
EXP_DBL_0121,1,cgp-delete-phis,DataflowConstProp,15721160,8665811.05,2420,7.713100,97.219114,Success
EXP_DBL_0122,1,cleanups,DataflowConstProp,15721160,10652530.30,1968,3.871781,97.809681,Success
EXP_DBL_0123,1,constant-hoisting,DataflowConstProp,15718584,8615076.30,2434,7.939317,97.213393,Success
EXP_DBL_0124,1,copyprop,DataflowConstProp,15723688,8616196.60,2433,7.816855,113.197251,Success
EXP_DBL_0125,1,demotion,DataflowConstProp,15721160,8694051.90,2412,8.215043,99.524702,Success
EXP_DBL_0126,1,gep-const-evaluation,DataflowConstProp,15721160,7613501.10,2754,7.061745,97.899924,Success
EXP_DBL_0127,1,icp,DataflowConstProp,15721160,7658572.95,2738,7.082850,95.042773,Success
EXP_DBL_0128,1,machine-cse,DataflowConstProp,15725240,7735394.70,2711,7.479407,95.300255,Success
EXP_DBL_0129,1,machine-dce,DataflowConstProp,15722696,7855803.65,2669,7.704166,96.449351,Success
EXP_DBL_0130,1,machine-sink,DataflowConstProp,15723800,7629825.15,2748,7.388941,94.126069,Success
EXP_DBL_0131,1,mergeicmps,DataflowConstProp,15721160,8497992.65,2467,8.158260,92.842724,Success
EXP_DBL_0132,1,non-allocatable-phys-copy-opt,DataflowConstProp,15721160,8952275.75,2342,8.211524,93.655188,Success
EXP_DBL_0133,1,phi-elim-edge-splitting,DataflowConstProp,15721624,8763025.30,2393,7.957034,95.238794,Success
EXP_DBL_0134,1,postra-machine-sink,DataflowConstProp,15721448,8693626.30,2412,8.075334,93.091702,Success
EXP_DBL_0135,1,preinline,DataflowConstProp,15721160,9337069.50,2246,7.900264,91.014216,Success
EXP_DBL_0136,1,select-optimize,DataflowConstProp,15721160,8268047.40,2536,7.505330,94.486662,Success
EXP_DBL_0137,1,ssc,DataflowConstProp,15726216,8678860.40,2416,8.131610,92.186356,Success
EXP_DBL_0138,1,type-promotion,DataflowConstProp,15721160,8344784.50,2513,7.851232,93.598142,Success
EXP_DBL_0139,1,auto-upgrade-debug-info,DataflowConstProp,15721160,8374466.45,2504,7.944816,96.775819,Success
EXP_DBL_0140,1,bitcode-version-upgrade,DataflowConstProp,15721160,8999111.30,2330,8.266237,92.291844,Success
EXP_DBL_0141,1,cfi-fixup,DataflowConstProp,15721160,7892954.05,2656,7.479460,97.048420,Success
EXP_DBL_0142,1,cgdata-for-merging,DataflowConstProp,15721160,8899906.20,2356,8.325819,93.527835,Success
EXP_DBL_0143,1,global-outlining,DataflowConstProp,15721160,8297669.05,2527,7.508769,96.212730,Success
EXP_DBL_0144,1,last-run-tracking,DataflowConstProp,15721160,8165471.90,2568,7.596861,96.675277,Success
EXP_DBL_0145,1,layout-fsprofile-loader,DataflowConstProp,15721160,8328764.95,2517,7.662975,95.262091,Success
EXP_DBL_0146,1,nofree-inference,DataflowConstProp,15721160,9637404.80,2176,8.250674,94.451494,Success
EXP_DBL_0147,1,nounwind-inference,DataflowConstProp,15744128,9862385.25,2126,8.670864,98.748304,Success
EXP_DBL_0148,1,ondemand-mds-loading,DataflowConstProp,15721160,8022093.75,2614,7.913628,88.886588,Success
EXP_DBL_0149,1,ra-fsprofile-loader,DataflowConstProp,15721160,8014225.80,2616,7.193496,89.173163,Success
EXP_DBL_0150,1,sample-loader-inlining,DataflowConstProp,15721160,8421236.45,2490,8.063230,89.495947,Success
EXP_DBL_0151,1,thinlto-funcattrs,DataflowConstProp,15721160,9306737.55,2253,8.097435,87.657305,Success
EXP_DBL_0152,1,vp,DataflowConstProp,15721160,8118344.30,2583,7.583206,85.180422,Success
EXP_DBL_0153,1,whole-program-visibility,DataflowConstProp,15721160,8259986.65,2538,7.805405,85.280597,Success
EXP_DBL_0154,1,2addr-hack,DataflowConstProp,15721160,7900299.75,2654,7.271718,86.279577,Success
EXP_DBL_0155,1,cgp,DataflowConstProp,15755320,7812577.30,2684,7.157867,85.610422,Success
EXP_DBL_0156,1,cgp-gc-opts,DataflowConstProp,15721160,7757345.75,2703,7.126553,83.356606,Success
EXP_DBL_0157,1,complex-addr-modes,DataflowConstProp,15722120,7467505.65,2808,7.271103,81.722806,Success
EXP_DBL_0158,1,dfa-sched,DataflowConstProp,15721160,8801269.90,2382,7.956456,81.912082,Success
EXP_DBL_0159,1,i2p-p2i-opt,DataflowConstProp,15721408,7290674.60,2876,6.838645,78.354348,Success
EXP_DBL_0160,1,mr-partial-inlining,DataflowConstProp,15721160,7116265.25,2946,6.781464,78.155020,Success
EXP_DBL_0161,1,partial-inlining,DataflowConstProp,15721160,7620454.40,2752,7.037410,78.782428,Success
EXP_DBL_0162,1,partial-libcall-inlining,DataflowConstProp,15721160,7731190.45,2712,7.098375,76.865114,Success
EXP_DBL_0163,1,peephole,DataflowConstProp,15761688,7224056.55,2903,6.682751,76.230066,Success
EXP_DBL_0164,1,post-ra,DataflowConstProp,15721160,7374852.35,2843,6.952194,78.360804,Success
EXP_DBL_0165,1,spill-fusing,DataflowConstProp,15742488,7649176.20,2741,6.902842,76.788618,Success
EXP_DBL_0166,1,strictnode-mutation,DataflowConstProp,15721160,7523473.75,2787,6.931927,77.968810,Success
EXP_DBL_0167,1,binop-extract-shuffle,DeadStoreElimination-final,15723624,7875094.35,2663,7.162051,79.585792,Success
EXP_DBL_0168,1,expand-reductions,DeadStoreElimination-final,15723624,8081209.95,2595,7.523326,117.706578,Success
EXP_DBL_0169,1,interleaved-load-combine,DeadStoreElimination-final,15723624,7517291.45,2789,7.151413,103.910946,Success
EXP_DBL_0170,1,loop-idiom-vectorize-all,DeadStoreElimination-final,15723624,7437400.75,2819,6.869077,103.029333,Success
EXP_DBL_0171,1,loop-idiom-vectorize-bytecmp,DeadStoreElimination-final,15723624,7690724.35,2726,7.609932,106.310044,Success
EXP_DBL_0172,1,promote-alloca-to-vector,DeadStoreElimination-final,15723624,7584559.10,2765,7.377822,102.183345,Success
EXP_DBL_0173,1,replace-with-vec-lib,DeadStoreElimination-final,15723624,7945374.50,2639,7.174455,97.471496,Success
EXP_DBL_0174,1,vector-combine,DeadStoreElimination-final,15724328,7480516.60,2803,7.006908,102.849151,Success
EXP_DBL_0175,1,advanced-peeling,DeadStoreElimination-final,15721560,8751683.20,2396,7.957032,103.695223,Success
EXP_DBL_0176,1,lftr,DeadStoreElimination-final,15721944,7657294.15,2738,7.648632,99.261127,Success
EXP_DBL_0177,1,licm-promotion,DeadStoreElimination-final,15720784,7533094.60,2783,7.205415,105.762685,Success
EXP_DBL_0178,1,loop-level-heuristics,DeadStoreElimination-final,15723624,8150743.00,2572,7.477968,95.173947,Success
EXP_DBL_0179,1,lsr,DeadStoreElimination-final,15719944,7900594.75,2654,7.400200,102.366233,Success
EXP_DBL_0180,1,machine-licm,DeadStoreElimination-final,15712360,8007179.40,2619,7.331001,101.797008,Success
EXP_DBL_0181,1,postra-machine-licm,DeadStoreElimination-final,15723640,7738847.70,2709,7.188031,102.081259,Success
EXP_DBL_0182,1,preheader-prot,DeadStoreElimination-final,15723640,7508597.00,2793,7.016255,99.475543,Success
EXP_DBL_0183,1,block-placement,DeadStoreElimination-final,15666072,7685806.00,2728,7.264504,113.004839,Success
EXP_DBL_0184,1,branch-fold,DeadStoreElimination-final,15734856,7774609.55,2697,7.375627,94.810505,Success
EXP_DBL_0185,1,cgp-branch-opts,DeadStoreElimination-final,15723640,8076198.30,2596,7.307426,109.187275,Success
EXP_DBL_0186,1,cgp-select2branch,DeadStoreElimination-final,15723432,8797083.85,2383,7.723858,104.588687,Success
EXP_DBL_0187,1,chr,DeadStoreElimination-final,15723624,7573154.10,2769,7.034610,100.772539,Success
EXP_DBL_0188,1,early-ifcvt,DeadStoreElimination-final,15723624,7857188.30,2669,7.412089,105.385478,Success
EXP_DBL_0189,1,early-taildup,DeadStoreElimination-final,15723288,7733496.85,2711,7.128825,95.696301,Success
EXP_DBL_0190,1,ifcvt-diamond,DeadStoreElimination-final,15723624,9339279.30,2245,8.583378,107.555190,Success
EXP_DBL_0191,1,ifcvt-forked-diamond,DeadStoreElimination-final,15723624,7586559.80,2764,7.058784,103.402289,Success
EXP_DBL_0192,1,ifcvt-simple,DeadStoreElimination-final,15723624,8657259.50,2422,7.896788,101.590400,Success
EXP_DBL_0193,1,ifcvt-simple-false,DeadStoreElimination-final,15723624,9576352.30,2189,3.358717,113.376008,Success
EXP_DBL_0194,1,ifcvt-triangle,DeadStoreElimination-final,15723624,7556675.25,2775,7.084711,97.793146,Success
EXP_DBL_0195,1,ifcvt-triangle-false,DeadStoreElimination-final,15723624,8440681.40,2484,7.675972,97.737198,Success
EXP_DBL_0196,1,ifcvt-triangle-rev,DeadStoreElimination-final,15723624,8064179.60,2600,7.564112,102.827689,Success
EXP_DBL_0197,1,tail-calls,DeadStoreElimination-final,15723624,8935010.35,2347,8.437792,99.963134,Success
EXP_DBL_0198,1,tail-duplicate,DeadStoreElimination-final,15722504,7982715.30,2627,7.627682,101.498038,Success
EXP_DBL_0199,1,cgp-ext-ld-promotion,DeadStoreElimination-final,15723992,8180163.50,2563,7.471838,106.117967,Success
EXP_DBL_0200,1,cgp-store-extract,DeadStoreElimination-final,15723624,9577718.50,2189,3.356050,97.102621,Success
EXP_DBL_0201,1,memop-opt,DeadStoreElimination-final,15723624,7844891.85,2673,7.530779,96.375697,Success
EXP_DBL_0202,1,separate-const-offset-from-gep,DeadStoreElimination-final,15723624,7707758.35,2720,7.401406,95.143929,Success
EXP_DBL_0203,1,adv-copy-opt,DeadStoreElimination-final,15723592,8477147.25,2473,7.909832,94.989763,Success
EXP_DBL_0204,1,cgp-delete-phis,DeadStoreElimination-final,15723624,8844398.60,2371,8.097458,104.249763,Success
EXP_DBL_0205,1,cleanups,DeadStoreElimination-final,15723624,8389193.60,2499,7.589507,97.492708,Success
EXP_DBL_0206,1,constant-hoisting,DeadStoreElimination-final,15720200,8444541.55,2483,7.745427,98.553227,Success
EXP_DBL_0207,1,copyprop,DeadStoreElimination-final,15726136,7798757.95,2689,7.606102,91.580024,Success
EXP_DBL_0208,1,demotion,DeadStoreElimination-final,15723624,8353880.10,2510,7.593491,93.362820,Success
EXP_DBL_0209,1,gep-const-evaluation,DeadStoreElimination-final,15723624,8020262.90,2614,7.425575,90.229164,Success
EXP_DBL_0210,1,icp,DeadStoreElimination-final,15723624,7753743.75,2704,7.013182,91.144220,Success
EXP_DBL_0211,1,machine-cse,DeadStoreElimination-final,15726776,8089079.90,2592,7.765838,92.565532,Success
EXP_DBL_0212,1,machine-dce,DeadStoreElimination-final,15723944,8023844.85,2613,7.292417,101.160341,Success
EXP_DBL_0213,1,machine-sink,DeadStoreElimination-final,15726216,7933381.40,2643,7.167978,101.943056,Success
EXP_DBL_0214,1,mergeicmps,DeadStoreElimination-final,15723624,9254549.70,2266,8.273255,116.404343,Success
EXP_DBL_0215,1,non-allocatable-phys-copy-opt,DeadStoreElimination-final,15723624,8379259.60,2502,7.960701,94.932494,Success
EXP_DBL_0216,1,phi-elim-edge-splitting,DeadStoreElimination-final,15723048,7908197.75,2651,7.490868,86.405163,Success
EXP_DBL_0217,1,postra-machine-sink,DeadStoreElimination-final,15723896,7735187.90,2711,7.005352,84.540547,Success
EXP_DBL_0218,1,preinline,DeadStoreElimination-final,15723624,7340325.30,2857,6.685723,82.740319,Success
EXP_DBL_0219,1,select-optimize,DeadStoreElimination-final,15723624,9099454.95,2304,8.262293,81.421260,Success
EXP_DBL_0220,1,ssc,DeadStoreElimination-final,15727816,8811030.20,2380,7.657415,87.731166,Success
EXP_DBL_0221,1,type-promotion,DeadStoreElimination-final,15723624,7568814.25,2770,6.952966,83.926229,Success
EXP_DBL_0222,1,auto-upgrade-debug-info,DeadStoreElimination-final,15723624,7838086.20,2675,7.448890,84.970221,Success
EXP_DBL_0223,1,bitcode-version-upgrade,DeadStoreElimination-final,15723624,7673764.15,2732,6.960325,80.819064,Success
EXP_DBL_0224,1,cfi-fixup,DeadStoreElimination-final,15723624,7816060.15,2683,7.075460,85.805728,Success
EXP_DBL_0225,1,cgdata-for-merging,DeadStoreElimination-final,15723624,7845623.05,2673,7.664575,83.295632,Success
EXP_DBL_0226,1,global-outlining,DeadStoreElimination-final,15723624,7976005.10,2629,7.487374,82.475158,Success
EXP_DBL_0227,1,last-run-tracking,DeadStoreElimination-final,15723624,7882846.10,2660,7.451938,111.583172,Success
EXP_DBL_0228,1,layout-fsprofile-loader,DeadStoreElimination-final,15723624,7553189.70,2776,7.093758,104.141725,Success
EXP_DBL_0229,1,nofree-inference,DeadStoreElimination-final,15723624,7786029.15,2693,6.961783,107.668273,Success
EXP_DBL_0230,1,nounwind-inference,DeadStoreElimination-final,15746016,7699149.25,2723,6.942351,80.542170,Success
EXP_DBL_0231,1,ondemand-mds-loading,DeadStoreElimination-final,15723624,7204094.30,2911,6.946717,75.222878,Success
EXP_DBL_0232,1,ra-fsprofile-loader,DeadStoreElimination-final,15723624,7306555.20,2870,6.631660,78.692543,Success
EXP_DBL_0233,1,sample-loader-inlining,DeadStoreElimination-final,15723624,7534622.45,2783,7.134210,80.058696,Success
EXP_DBL_0234,1,thinlto-funcattrs,DeadStoreElimination-final,15723624,7323989.40,2863,6.872400,120.320992,Success
EXP_DBL_0235,1,vp,DeadStoreElimination-final,15723624,8734690.15,2400,7.874012,109.115132,Success
EXP_DBL_0236,1,whole-program-visibility,DeadStoreElimination-final,15723624,8130148.55,2579,7.482733,100.073917,Success
EXP_DBL_0237,1,2addr-hack,DeadStoreElimination-final,15723624,7566245.25,2771,7.065963,101.708622,Success
EXP_DBL_0238,1,cgp,DeadStoreElimination-final,15757816,7784459.90,2694,7.291083,109.006328,Success
EXP_DBL_0239,1,cgp-gc-opts,DeadStoreElimination-final,15723624,7361676.40,2848,6.949357,122.136435,Success
EXP_DBL_0240,1,complex-addr-modes,DeadStoreElimination-final,15724392,7456425.90,2812,7.160587,102.533003,Success
EXP_DBL_0241,1,dfa-sched,DeadStoreElimination-final,15723624,7263495.85,2887,6.914255,121.648059,Success
EXP_DBL_0242,1,i2p-p2i-opt,DeadStoreElimination-final,15724704,7827296.10,2679,7.320783,97.779948,Success
EXP_DBL_0243,1,mr-partial-inlining,DeadStoreElimination-final,15723624,7413734.50,2828,6.802616,98.272774,Success
EXP_DBL_0244,1,partial-inlining,DeadStoreElimination-final,15723624,7551078.95,2777,6.861914,101.562464,Success
EXP_DBL_0245,1,partial-libcall-inlining,DeadStoreElimination-final,15723624,7641006.95,2744,7.021489,99.992502,Success
EXP_DBL_0246,1,peephole,DeadStoreElimination-final,15763656,7561267.10,2773,6.876551,99.929313,Success
EXP_DBL_0247,1,post-ra,DeadStoreElimination-final,15723624,7555572.95,2775,6.929220,107.832746,Success
EXP_DBL_0248,1,spill-fusing,DeadStoreElimination-final,15744456,7914239.20,2649,7.316045,95.560413,Success
EXP_DBL_0249,1,strictnode-mutation,DeadStoreElimination-final,15723624,7326839.60,2862,6.744257,101.942315,Success
EXP_DBL_0250,1,binop-extract-shuffle,DeadStoreElimination-initial,15721400,7628593.25,2749,7.169646,102.600235,Success
EXP_DBL_0251,1,expand-reductions,DeadStoreElimination-initial,15721384,7200916.55,2912,6.928047,97.625302,Success
EXP_DBL_0252,1,interleaved-load-combine,DeadStoreElimination-initial,15721384,7929670.55,2644,7.202233,101.414736,Success
EXP_DBL_0253,1,loop-idiom-vectorize-all,DeadStoreElimination-initial,15721384,7533853.50,2783,6.975621,99.874257,Success
EXP_DBL_0254,1,loop-idiom-vectorize-bytecmp,DeadStoreElimination-initial,15721384,8024837.70,2613,7.475138,102.652108,Success
EXP_DBL_0255,1,promote-alloca-to-vector,DeadStoreElimination-initial,15721384,7199464.90,2912,6.915434,96.253478,Success
EXP_DBL_0256,1,replace-with-vec-lib,DeadStoreElimination-initial,15721384,7248250.25,2893,6.799331,114.155148,Success
EXP_DBL_0257,1,vector-combine,DeadStoreElimination-initial,15721400,8383874.40,2501,7.733461,100.640435,Success
EXP_DBL_0258,1,advanced-peeling,DeadStoreElimination-initial,15719304,7487389.50,2800,6.834620,102.954862,Success
EXP_DBL_0259,1,lftr,DeadStoreElimination-initial,15719672,7431193.05,2822,6.930489,99.094128,Success
EXP_DBL_0260,1,licm-promotion,DeadStoreElimination-initial,15718768,7554464.35,2776,7.108744,105.739542,Success
EXP_DBL_0261,1,loop-level-heuristics,DeadStoreElimination-initial,15721384,7304895.65,2870,6.876150,99.300348,Success
EXP_DBL_0262,1,lsr,DeadStoreElimination-initial,15717912,7985531.50,2626,7.802220,97.418053,Success
EXP_DBL_0263,1,machine-licm,DeadStoreElimination-initial,15710568,7750135.05,2705,7.051487,101.387322,Success
EXP_DBL_0264,1,postra-machine-licm,DeadStoreElimination-initial,15721400,7321955.05,2864,6.608914,93.119494,Success
EXP_DBL_0265,1,preheader-prot,DeadStoreElimination-initial,15721144,8139489.25,2576,7.486712,97.690146,Success
EXP_DBL_0266,1,block-placement,DeadStoreElimination-initial,15663592,8325031.30,2519,7.250109,97.629879,Success
EXP_DBL_0267,1,branch-fold,DeadStoreElimination-initial,15732744,7941100.20,2640,7.430773,110.158861,Success
EXP_DBL_0268,1,cgp-branch-opts,DeadStoreElimination-initial,15721400,7897996.95,2655,7.166765,101.481897,Success
EXP_DBL_0269,1,cgp-select2branch,DeadStoreElimination-initial,15721192,7248151.20,2893,6.793180,95.755309,Success
EXP_DBL_0270,1,chr,DeadStoreElimination-initial,15721384,7848119.75,2672,7.760561,97.408076,Success
EXP_DBL_0271,1,early-ifcvt,DeadStoreElimination-initial,15721384,7809504.35,2685,7.146369,91.726194,Success
EXP_DBL_0272,1,early-taildup,DeadStoreElimination-initial,15719608,7710264.65,2719,7.909143,92.300287,Success
EXP_DBL_0273,1,ifcvt-diamond,DeadStoreElimination-initial,15721384,7388606.00,2838,6.716423,93.051913,Success
EXP_DBL_0274,1,ifcvt-forked-diamond,DeadStoreElimination-initial,15721384,7997500.55,2622,7.471165,90.826932,Success
EXP_DBL_0275,1,ifcvt-simple,DeadStoreElimination-initial,15721384,8065571.20,2600,7.459672,92.795474,Success
EXP_DBL_0276,1,ifcvt-simple-false,DeadStoreElimination-initial,15721384,7461910.50,2810,6.953656,97.715390,Success
EXP_DBL_0277,1,ifcvt-triangle,DeadStoreElimination-initial,15721384,7391029.85,2837,6.793887,91.574080,Success
EXP_DBL_0278,1,ifcvt-triangle-false,DeadStoreElimination-initial,15721384,7707870.25,2720,7.093167,94.172947,Success
EXP_DBL_0279,1,ifcvt-triangle-rev,DeadStoreElimination-initial,15721384,8354778.90,2510,8.342721,89.135135,Success
EXP_DBL_0280,1,tail-calls,DeadStoreElimination-initial,15721384,7305868.30,2870,6.546383,99.369076,Success
EXP_DBL_0281,1,tail-duplicate,DeadStoreElimination-initial,15720328,8301969.85,2526,7.420764,88.449409,Success
EXP_DBL_0282,1,cgp-ext-ld-promotion,DeadStoreElimination-initial,15721768,8447668.70,2482,7.700757,87.790892,Success
EXP_DBL_0283,1,cgp-store-extract,DeadStoreElimination-initial,15721384,7379688.90,2841,6.728535,87.988286,Success
EXP_DBL_0284,1,memop-opt,DeadStoreElimination-initial,15721384,7673214.20,2733,7.049518,90.983624,Success
EXP_DBL_0285,1,separate-const-offset-from-gep,DeadStoreElimination-initial,15721384,7339451.05,2857,6.709862,82.415988,Success
EXP_DBL_0286,1,adv-copy-opt,DeadStoreElimination-initial,15721384,7473345.05,2806,6.740954,84.825884,Success
EXP_DBL_0287,1,cgp-delete-phis,DeadStoreElimination-initial,15721384,7222577.30,2903,6.835386,80.960085,Success
EXP_DBL_0288,1,cleanups,DeadStoreElimination-initial,15721384,8087000.15,2593,7.313614,84.531272,Success
EXP_DBL_0289,1,constant-hoisting,DeadStoreElimination-initial,15718728,8336358.15,2515,7.649862,81.828065,Success
EXP_DBL_0290,1,copyprop,DeadStoreElimination-initial,15723768,7684609.55,2729,7.492488,82.524072,Success
EXP_DBL_0291,1,demotion,DeadStoreElimination-initial,15721384,7283518.75,2879,6.840056,78.683800,Success
EXP_DBL_0292,1,gep-const-evaluation,DeadStoreElimination-initial,15721384,7652225.75,2740,7.340393,114.779996,Success
EXP_DBL_0293,1,icp,DeadStoreElimination-initial,15721384,8053448.25,2604,7.430087,101.514138,Success
EXP_DBL_0294,1,machine-cse,DeadStoreElimination-initial,15724776,7771575.70,2698,7.004928,104.973047,Success
EXP_DBL_0295,1,machine-dce,DeadStoreElimination-initial,15722040,7726065.05,2714,7.313151,100.709870,Success
EXP_DBL_0296,1,machine-sink,DeadStoreElimination-initial,15724296,7773224.55,2697,7.117550,100.932959,Success
EXP_DBL_0297,1,mergeicmps,DeadStoreElimination-initial,15721384,7384430.65,2839,6.882620,107.130068,Success
EXP_DBL_0298,1,non-allocatable-phys-copy-opt,DeadStoreElimination-initial,15721384,8314988.95,2522,7.642694,99.503471,Success
EXP_DBL_0299,1,phi-elim-edge-splitting,DeadStoreElimination-initial,15721592,7342401.65,2856,6.633119,102.472931,Success
EXP_DBL_0300,1,postra-machine-sink,DeadStoreElimination-initial,15721640,7820562.10,2681,7.204848,98.146129,Success
EXP_DBL_0301,1,preinline,DeadStoreElimination-initial,15721384,7895359.20,2656,7.340720,99.780956,Success
EXP_DBL_0302,1,select-optimize,DeadStoreElimination-initial,15721384,7534499.85,2783,6.972495,111.342016,Success
EXP_DBL_0303,1,ssc,DeadStoreElimination-initial,15726264,7196679.25,2914,6.988859,100.757284,Success
EXP_DBL_0304,1,type-promotion,DeadStoreElimination-initial,15721384,7794901.05,2690,7.224653,105.346280,Success
EXP_DBL_0305,1,auto-upgrade-debug-info,DeadStoreElimination-initial,15721384,7556273.10,2775,7.398835,96.835575,Success
EXP_DBL_0306,1,bitcode-version-upgrade,DeadStoreElimination-initial,15721384,8713659.50,2406,7.804657,112.298088,Success
EXP_DBL_0307,1,cfi-fixup,DeadStoreElimination-initial,15721384,8095575.85,2590,7.265320,100.184491,Success
EXP_DBL_0308,1,cgdata-for-merging,DeadStoreElimination-initial,15721384,7847633.15,2672,7.365136,112.200323,Success
EXP_DBL_0309,1,global-outlining,DeadStoreElimination-initial,15721384,7434702.60,2820,6.938254,96.280027,Success
EXP_DBL_0310,1,last-run-tracking,DeadStoreElimination-initial,15721384,7337361.80,2858,6.901088,98.464022,Success
EXP_DBL_0311,1,layout-fsprofile-loader,DeadStoreElimination-initial,15721384,7579797.50,2766,7.022035,101.401384,Success
EXP_DBL_0312,1,nofree-inference,DeadStoreElimination-initial,15721384,7932586.25,2643,7.242759,112.709056,Success
EXP_DBL_0313,1,nounwind-inference,DeadStoreElimination-initial,15744432,7377141.75,2842,7.199284,106.149501,Success
EXP_DBL_0314,1,ondemand-mds-loading,DeadStoreElimination-initial,15721384,7661976.35,2737,7.107970,101.624836,Success
EXP_DBL_0315,1,ra-fsprofile-loader,DeadStoreElimination-initial,15721384,7696128.35,2724,7.131074,100.125038,Success
EXP_DBL_0316,1,sample-loader-inlining,DeadStoreElimination-initial,15721384,7150662.25,2932,6.442904,94.073864,Success
EXP_DBL_0317,1,thinlto-funcattrs,DeadStoreElimination-initial,15721384,7209755.65,2908,6.809310,78.147788,Success
EXP_DBL_0318,1,vp,DeadStoreElimination-initial,15721384,11913027.75,1760,9.234719,81.815561,Success
EXP_DBL_0319,1,whole-program-visibility,DeadStoreElimination-initial,15721384,7503680.30,2794,6.943991,117.047684,Success
EXP_DBL_0320,1,2addr-hack,DeadStoreElimination-initial,15721384,7455995.75,2812,6.941784,109.133552,Success
EXP_DBL_0321,1,cgp,DeadStoreElimination-initial,15756184,7222838.55,2903,6.602135,97.966457,Success
EXP_DBL_0322,1,cgp-gc-opts,DeadStoreElimination-initial,15721384,7879936.10,2661,7.622590,107.793183,Success
EXP_DBL_0323,1,complex-addr-modes,DeadStoreElimination-initial,15722392,7842645.55,2674,7.223508,102.791309,Success
EXP_DBL_0324,1,dfa-sched,DeadStoreElimination-initial,15721384,7291908.60,2875,6.998636,101.271941,Success
EXP_DBL_0325,1,i2p-p2i-opt,DeadStoreElimination-initial,15721696,7434279.80,2820,6.955974,102.615785,Success
EXP_DBL_0326,1,mr-partial-inlining,DeadStoreElimination-initial,15721384,7270612.75,2884,6.936027,99.265578,Success
EXP_DBL_0327,1,partial-inlining,DeadStoreElimination-initial,15721384,8034664.25,2610,8.611212,107.682100,Success
EXP_DBL_0328,1,partial-libcall-inlining,DeadStoreElimination-initial,15721384,7316242.75,2866,6.932507,99.769040,Success
EXP_DBL_0329,1,peephole,DeadStoreElimination-initial,15762152,8006886.65,2619,7.233615,106.726651,Success
EXP_DBL_0330,1,post-ra,DeadStoreElimination-initial,15721384,7732697.75,2712,6.991654,101.481570,Success
EXP_DBL_0331,1,spill-fusing,DeadStoreElimination-initial,15742728,8092838.75,2591,7.155594,111.643397,Success
EXP_DBL_0332,1,strictnode-mutation,DeadStoreElimination-initial,15721384,7355356.80,2851,6.933649,98.095194,Success
EXP_DBL_0333,1,binop-extract-shuffle,DestinationPropagation,15720224,7379583.05,2841,7.087381,112.524448,Success
EXP_DBL_0334,1,expand-reductions,DestinationPropagation,15720208,7449482.00,2815,6.967452,105.905521,Success
EXP_DBL_0335,1,interleaved-load-combine,DestinationPropagation,15720208,7500310.80,2796,6.951809,102.026603,Success
EXP_DBL_0336,1,loop-idiom-vectorize-all,DestinationPropagation,15720208,7613078.35,2754,6.868337,102.306942,Success
EXP_DBL_0337,1,loop-idiom-vectorize-bytecmp,DestinationPropagation,15720208,7708768.55,2720,7.340607,102.429988,Success
EXP_DBL_0338,1,promote-alloca-to-vector,DestinationPropagation,15720208,7528044.80,2785,6.871652,98.378570,Success
EXP_DBL_0339,1,replace-with-vec-lib,DestinationPropagation,15720208,7200124.95,2912,6.767938,98.248615,Success
EXP_DBL_0340,1,vector-combine,DestinationPropagation,15720224,8619337.80,2433,7.690117,106.433594,Success
EXP_DBL_0341,1,advanced-peeling,DestinationPropagation,15717840,7335595.35,2858,7.098873,94.058102,Success
EXP_DBL_0342,1,lftr,DestinationPropagation,15718416,8083763.10,2594,7.654979,100.340130,Success
EXP_DBL_0343,1,licm-promotion,DestinationPropagation,15717608,7299440.30,2873,6.971269,104.010744,Success
EXP_DBL_0344,1,loop-level-heuristics,DestinationPropagation,15720208,7558531.15,2774,6.984445,95.050525,Success
EXP_DBL_0345,1,lsr,DestinationPropagation,15716192,7326333.10,2862,6.798225,89.185217,Success
EXP_DBL_0346,1,machine-licm,DestinationPropagation,15710000,7812107.55,2684,7.124494,97.878424,Success
EXP_DBL_0347,1,postra-machine-licm,DestinationPropagation,15720208,7790676.60,2691,7.140340,96.932050,Success
EXP_DBL_0348,1,preheader-prot,DestinationPropagation,15720208,7483484.30,2802,7.278042,94.464704,Success
EXP_DBL_0349,1,block-placement,DestinationPropagation,15662160,7907564.60,2652,7.162114,105.767027,Success
EXP_DBL_0350,1,branch-fold,DestinationPropagation,15730848,7768030.35,2699,7.853059,91.890199,Success
EXP_DBL_0351,1,cgp-branch-opts,DestinationPropagation,15720240,7814222.65,2683,7.314360,101.500394,Success
EXP_DBL_0352,1,cgp-select2branch,DestinationPropagation,15719744,7360329.65,2849,6.773028,93.612927,Success
EXP_DBL_0353,1,chr,DestinationPropagation,15720208,7496169.50,2797,7.025700,90.620409,Success
EXP_DBL_0354,1,early-ifcvt,DestinationPropagation,15720208,8001151.65,2621,7.333408,93.766626,Success
EXP_DBL_0355,1,early-taildup,DestinationPropagation,15718000,7278319.70,2881,6.818692,92.267889,Success
EXP_DBL_0356,1,ifcvt-diamond,DestinationPropagation,15720208,7910358.75,2651,7.218932,97.750932,Success
EXP_DBL_0357,1,ifcvt-forked-diamond,DestinationPropagation,15720208,8454046.50,2480,7.237815,93.255424,Success
EXP_DBL_0358,1,ifcvt-simple,DestinationPropagation,15720208,7755178.20,2704,7.045485,94.323302,Success
EXP_DBL_0359,1,ifcvt-simple-false,DestinationPropagation,15720208,7856990.50,2669,7.043059,98.471303,Success
EXP_DBL_0360,1,ifcvt-triangle,DestinationPropagation,15720208,7563214.50,2772,6.904110,94.378868,Success
EXP_DBL_0361,1,ifcvt-triangle-false,DestinationPropagation,15720208,8105935.65,2587,7.441953,91.810062,Success
EXP_DBL_0362,1,ifcvt-triangle-rev,DestinationPropagation,15720208,9347079.40,2243,3.154828,90.843856,Success
EXP_DBL_0363,1,tail-calls,DestinationPropagation,15720208,8050972.30,2604,7.539619,95.107240,Success
EXP_DBL_0364,1,tail-duplicate,DestinationPropagation,15719152,8146918.55,2574,7.672500,94.515998,Success
EXP_DBL_0365,1,cgp-ext-ld-promotion,DestinationPropagation,15720528,8021628.80,2614,7.560137,94.244576,Success
EXP_DBL_0366,1,cgp-store-extract,DestinationPropagation,15720208,8289110.35,2530,7.609129,95.157913,Success
EXP_DBL_0367,1,memop-opt,DestinationPropagation,15720208,7504292.20,2794,7.212165,86.072559,Success
EXP_DBL_0368,1,separate-const-offset-from-gep,DestinationPropagation,15720208,8079161.95,2595,7.889457,85.534195,Success
EXP_DBL_0369,1,adv-copy-opt,DestinationPropagation,15720176,7748933.00,2706,7.076615,86.470388,Success
EXP_DBL_0370,1,cgp-delete-phis,DestinationPropagation,15720208,7311644.05,2868,6.674568,84.178418,Success
EXP_DBL_0371,1,cleanups,DestinationPropagation,15720208,7770081.85,2699,7.046190,78.289260,Success
EXP_DBL_0372,1,constant-hoisting,DestinationPropagation,15716928,8787640.45,2386,7.675401,81.872723,Success
EXP_DBL_0373,1,copyprop,DestinationPropagation,15722736,7148081.05,2933,6.638329,81.345241,Success
EXP_DBL_0374,1,demotion,DestinationPropagation,15720208,7294121.15,2875,6.516664,78.741020,Success
EXP_DBL_0375,1,gep-const-evaluation,DestinationPropagation,15720208,7368639.75,2846,6.680966,82.611262,Success
EXP_DBL_0376,1,icp,DestinationPropagation,15720208,6880243.10,3048,6.412671,76.489740,Success
EXP_DBL_0377,1,machine-cse,DestinationPropagation,15723888,8592670.30,2440,7.796204,73.011988,Success
EXP_DBL_0378,1,machine-dce,DestinationPropagation,15720848,7253236.20,2891,6.931207,96.119863,Success
EXP_DBL_0379,1,machine-sink,DestinationPropagation,15722944,7498735.40,2796,6.705255,126.355479,Success
EXP_DBL_0380,1,mergeicmps,DestinationPropagation,15720208,7634870.80,2746,7.091106,103.533364,Success
EXP_DBL_0381,1,non-allocatable-phys-copy-opt,DestinationPropagation,15720208,7179768.20,2920,6.633288,103.830953,Success
EXP_DBL_0382,1,phi-elim-edge-splitting,DestinationPropagation,15720480,7525312.05,2786,7.127759,103.240764,Success
EXP_DBL_0383,1,postra-machine-sink,DestinationPropagation,15720336,7675906.55,2732,6.839174,100.715580,Success
EXP_DBL_0384,1,preinline,DestinationPropagation,15720208,8254834.55,2540,7.538969,104.268051,Success
EXP_DBL_0385,1,select-optimize,DestinationPropagation,15720208,6763936.00,3100,6.527897,94.349037,Success
EXP_DBL_0386,1,ssc,DestinationPropagation,15724496,7947163.05,2638,7.372067,99.414287,Success
EXP_DBL_0387,1,type-promotion,DestinationPropagation,15720208,7568105.30,2771,7.141738,100.837892,Success
EXP_DBL_0388,1,auto-upgrade-debug-info,DestinationPropagation,15720208,7172167.15,2924,6.569439,99.828972,Success
EXP_DBL_0389,1,bitcode-version-upgrade,DestinationPropagation,15720208,7486294.50,2801,6.955110,96.916880,Success
EXP_DBL_0390,1,cfi-fixup,DestinationPropagation,15720208,7275077.90,2882,6.854642,96.999320,Success
EXP_DBL_0391,1,cgdata-for-merging,DestinationPropagation,15720208,7546699.40,2778,7.015282,105.841156,Success
EXP_DBL_0392,1,global-outlining,DestinationPropagation,15720208,7370562.05,2845,6.871169,96.248714,Success
EXP_DBL_0393,1,last-run-tracking,DestinationPropagation,15720208,7738394.85,2710,7.175134,96.242620,Success
EXP_DBL_0394,1,layout-fsprofile-loader,DestinationPropagation,15720208,7258886.00,2889,6.905281,99.108725,Success
EXP_DBL_0395,1,nofree-inference,DestinationPropagation,15720208,7783574.30,2694,7.319884,97.001865,Success
EXP_DBL_0396,1,nounwind-inference,DestinationPropagation,15742552,7403004.75,2832,6.703969,97.366324,Success
EXP_DBL_0397,1,ondemand-mds-loading,DestinationPropagation,15720208,7483460.50,2802,7.106847,95.351531,Success
EXP_DBL_0398,1,ra-fsprofile-loader,DestinationPropagation,15720208,7594845.00,2761,6.995335,98.767397,Success
EXP_DBL_0399,1,sample-loader-inlining,DestinationPropagation,15720208,7206779.35,2909,6.790879,102.539701,Success
EXP_DBL_0400,1,thinlto-funcattrs,DestinationPropagation,15720208,7896598.80,2655,7.064451,105.582345,Success
EXP_DBL_0401,1,vp,DestinationPropagation,15720208,7689199.10,2727,7.050552,102.790025,Success
EXP_DBL_0402,1,whole-program-visibility,DestinationPropagation,15720208,7497527.75,2797,6.971770,99.809357,Success
EXP_DBL_0403,1,2addr-hack,DestinationPropagation,15720208,7261985.45,2887,6.773479,95.154232,Success
EXP_DBL_0404,1,cgp,DestinationPropagation,15753440,7766256.85,2700,7.379423,97.173938,Success
EXP_DBL_0405,1,cgp-gc-opts,DestinationPropagation,15720208,7302709.35,2871,6.921848,102.062280,Success
EXP_DBL_0406,1,complex-addr-modes,DestinationPropagation,15721216,7394749.95,2836,7.001075,97.998847,Success
EXP_DBL_0407,1,dfa-sched,DestinationPropagation,15720208,7127858.25,2942,6.512326,90.845958,Success
EXP_DBL_0408,1,i2p-p2i-opt,DestinationPropagation,15720456,7033438.25,2981,6.633550,88.217825,Success
EXP_DBL_0409,1,mr-partial-inlining,DestinationPropagation,15720208,7809679.50,2685,7.106293,93.580668,Success
EXP_DBL_0410,1,partial-inlining,DestinationPropagation,15720208,8533963.15,2457,7.631573,90.721327,Success
EXP_DBL_0411,1,partial-libcall-inlining,DestinationPropagation,15720208,7853337.45,2670,7.167960,93.182357,Success
EXP_DBL_0412,1,peephole,DestinationPropagation,15760160,7699035.45,2723,7.330177,95.954560,Success
EXP_DBL_0413,1,post-ra,DestinationPropagation,15720208,7585291.15,2764,7.026553,87.682679,Success
EXP_DBL_0414,1,spill-fusing,DestinationPropagation,15741536,7960680.75,2634,7.125042,87.723258,Success
EXP_DBL_0415,1,strictnode-mutation,DestinationPropagation,15720208,7582044.35,2765,6.876096,89.739904,Success
EXP_DBL_0416,1,binop-extract-shuffle,EarlyOtherwiseBranch,15721240,7796267.90,2689,7.096710,89.660569,Success
EXP_DBL_0417,1,expand-reductions,EarlyOtherwiseBranch,15721224,7081910.00,2961,6.540086,85.544441,Success
EXP_DBL_0418,1,interleaved-load-combine,EarlyOtherwiseBranch,15721224,7340150.10,2857,6.961476,84.679757,Success
EXP_DBL_0419,1,loop-idiom-vectorize-all,EarlyOtherwiseBranch,15721224,7683663.80,2729,6.840925,89.274870,Success
EXP_DBL_0420,1,loop-idiom-vectorize-bytecmp,EarlyOtherwiseBranch,15721224,8188726.75,2561,7.587559,88.073608,Success
EXP_DBL_0421,1,promote-alloca-to-vector,EarlyOtherwiseBranch,15721224,7403905.10,2832,6.967195,87.268887,Success
EXP_DBL_0422,1,replace-with-vec-lib,EarlyOtherwiseBranch,15721224,7407089.35,2831,6.945606,85.432898,Success
EXP_DBL_0423,1,vector-combine,EarlyOtherwiseBranch,15721240,8322597.00,2519,7.566324,84.605812,Success
EXP_DBL_0424,1,advanced-peeling,EarlyOtherwiseBranch,15719176,7535640.65,2782,6.931364,86.945286,Success
EXP_DBL_0425,1,lftr,EarlyOtherwiseBranch,15719496,8724915.40,2403,7.906529,88.006814,Success
EXP_DBL_0426,1,licm-promotion,EarlyOtherwiseBranch,15718624,7329305.25,2861,6.656541,83.388359,Success
EXP_DBL_0427,1,loop-level-heuristics,EarlyOtherwiseBranch,15721224,8362532.50,2507,7.524008,85.410630,Success
EXP_DBL_0428,1,lsr,EarlyOtherwiseBranch,15717720,7462596.60,2810,6.765816,83.526455,Success
EXP_DBL_0429,1,machine-licm,EarlyOtherwiseBranch,15709928,7421245.55,2825,6.751977,79.885848,Success
EXP_DBL_0430,1,postra-machine-licm,EarlyOtherwiseBranch,15721240,7164349.15,2927,6.432215,84.842604,Success
EXP_DBL_0431,1,preheader-prot,EarlyOtherwiseBranch,15721112,7419174.75,2826,6.618439,79.852958,Success
EXP_DBL_0432,1,block-placement,EarlyOtherwiseBranch,15663864,7182008.80,2920,6.465191,79.396754,Success
EXP_DBL_0433,1,branch-fold,EarlyOtherwiseBranch,15732504,7039471.60,2979,6.370911,78.549774,Success
EXP_DBL_0434,1,cgp-branch-opts,EarlyOtherwiseBranch,15721240,7342173.65,2856,6.671590,80.181937,Success
EXP_DBL_0435,1,cgp-select2branch,EarlyOtherwiseBranch,15721032,7047781.15,2975,6.454797,77.953272,Success
EXP_DBL_0436,1,chr,EarlyOtherwiseBranch,15721224,6999372.90,2996,6.470826,84.095898,Success
EXP_DBL_0437,1,early-ifcvt,EarlyOtherwiseBranch,15721224,6966941.70,3010,6.432748,78.307543,Success
EXP_DBL_0438,1,early-taildup,EarlyOtherwiseBranch,15719096,7215459.15,2906,6.492509,80.211493,Success
EXP_DBL_0439,1,ifcvt-diamond,EarlyOtherwiseBranch,15721224,7045535.15,2976,6.607249,77.498193,Success
EXP_DBL_0440,1,ifcvt-forked-diamond,EarlyOtherwiseBranch,15721224,7103400.55,2952,6.532065,79.286152,Success
EXP_DBL_0441,1,ifcvt-simple,EarlyOtherwiseBranch,15721224,7644598.60,2743,6.885225,106.862095,Success
EXP_DBL_0442,1,ifcvt-simple-false,EarlyOtherwiseBranch,15721224,7007538.65,2992,6.651534,94.956829,Success
EXP_DBL_0443,1,ifcvt-triangle,EarlyOtherwiseBranch,15721224,6878792.40,3048,6.456321,112.936485,Success
EXP_DBL_0444,1,ifcvt-triangle-false,EarlyOtherwiseBranch,15721224,7528155.20,2785,6.987814,98.446443,Success
EXP_DBL_0445,1,ifcvt-triangle-rev,EarlyOtherwiseBranch,15721224,7298739.10,2873,6.746930,96.211235,Success
EXP_DBL_0446,1,tail-calls,EarlyOtherwiseBranch,15721224,7105679.80,2951,6.499055,100.836852,Success
EXP_DBL_0447,1,tail-duplicate,EarlyOtherwiseBranch,15720296,7537915.95,2782,6.642291,97.839866,Success
EXP_DBL_0448,1,cgp-ext-ld-promotion,EarlyOtherwiseBranch,15721624,7052737.20,2973,6.457891,96.598562,Success
EXP_DBL_0449,1,cgp-store-extract,EarlyOtherwiseBranch,15721224,7353930.00,2851,6.717541,104.350368,Success
EXP_DBL_0450,1,memop-opt,EarlyOtherwiseBranch,15721224,7360180.80,2849,6.748651,92.574851,Success
EXP_DBL_0451,1,separate-const-offset-from-gep,EarlyOtherwiseBranch,15721224,7538851.75,2781,6.864259,101.070358,Success
EXP_DBL_0452,1,adv-copy-opt,EarlyOtherwiseBranch,15721224,7390856.35,2837,6.941450,98.887716,Success
EXP_DBL_0453,1,cgp-delete-phis,EarlyOtherwiseBranch,15721224,7391738.45,2837,6.915725,125.080058,Success
EXP_DBL_0454,1,cleanups,EarlyOtherwiseBranch,15721224,7145178.80,2935,6.871196,96.547217,Success
EXP_DBL_0455,1,constant-hoisting,EarlyOtherwiseBranch,15718648,7260290.00,2888,6.747789,117.323670,Success
EXP_DBL_0456,1,copyprop,EarlyOtherwiseBranch,15723752,6753018.65,3105,6.500470,112.423920,Success
EXP_DBL_0457,1,demotion,EarlyOtherwiseBranch,15721224,7462301.25,2810,6.915869,97.917715,Success
EXP_DBL_0458,1,gep-const-evaluation,EarlyOtherwiseBranch,15721224,7341116.00,2856,6.833689,96.932105,Success
EXP_DBL_0459,1,icp,EarlyOtherwiseBranch,15721224,7033158.90,2981,6.743993,95.212017,Success
EXP_DBL_0460,1,machine-cse,EarlyOtherwiseBranch,15725208,6756967.10,3103,6.353735,99.616165,Success
EXP_DBL_0461,1,machine-dce,EarlyOtherwiseBranch,15722744,7615921.10,2753,7.037799,100.109825,Success
EXP_DBL_0462,1,machine-sink,EarlyOtherwiseBranch,15723944,7074140.45,2964,6.764886,98.654867,Success
EXP_DBL_0463,1,mergeicmps,EarlyOtherwiseBranch,15721224,7932836.60,2643,7.067478,104.906691,Success
EXP_DBL_0464,1,non-allocatable-phys-copy-opt,EarlyOtherwiseBranch,15721224,7214431.40,2906,6.496869,95.533402,Success
EXP_DBL_0465,1,phi-elim-edge-splitting,EarlyOtherwiseBranch,15721560,7388033.15,2838,6.679407,113.350578,Success
EXP_DBL_0466,1,postra-machine-sink,EarlyOtherwiseBranch,15721512,7867236.00,2665,7.044248,100.859548,Success
EXP_DBL_0467,1,preinline,EarlyOtherwiseBranch,15721224,7602654.10,2758,7.052249,105.655489,Success
EXP_DBL_0468,1,select-optimize,EarlyOtherwiseBranch,15721224,7920875.40,2647,7.308061,102.721921,Success
EXP_DBL_0469,1,ssc,EarlyOtherwiseBranch,15726168,7885034.80,2659,7.184214,93.517409,Success
EXP_DBL_0470,1,type-promotion,EarlyOtherwiseBranch,15721224,7630852.60,2748,7.132719,99.742594,Success
EXP_DBL_0471,1,auto-upgrade-debug-info,EarlyOtherwiseBranch,15721224,7052946.40,2973,6.669082,91.810925,Success
EXP_DBL_0472,1,bitcode-version-upgrade,EarlyOtherwiseBranch,15721224,7532739.05,2784,6.956366,97.503254,Success
EXP_DBL_0473,1,cfi-fixup,EarlyOtherwiseBranch,15721224,7201613.60,2912,6.756994,89.477960,Success
EXP_DBL_0474,1,cgdata-for-merging,EarlyOtherwiseBranch,15721224,7153554.95,2931,6.714984,89.750752,Success
EXP_DBL_0475,1,global-outlining,EarlyOtherwiseBranch,15721224,7278755.25,2881,6.849091,96.074399,Success
EXP_DBL_0476,1,last-run-tracking,EarlyOtherwiseBranch,15721224,7066780.00,2967,6.523541,106.479346,Success
EXP_DBL_0477,1,layout-fsprofile-loader,EarlyOtherwiseBranch,15721224,7804760.55,2687,7.004876,92.491074,Success
EXP_DBL_0478,1,nofree-inference,EarlyOtherwiseBranch,15721224,7342683.40,2856,6.675725,98.937069,Success
EXP_DBL_0479,1,nounwind-inference,EarlyOtherwiseBranch,15744192,7070742.05,2965,6.521181,87.383684,Success
EXP_DBL_0480,1,ondemand-mds-loading,EarlyOtherwiseBranch,15721224,8093006.10,2591,7.455070,108.118780,Success
EXP_DBL_0481,1,ra-fsprofile-loader,EarlyOtherwiseBranch,15721224,7510946.00,2792,6.836705,98.015342,Success
EXP_DBL_0482,1,sample-loader-inlining,EarlyOtherwiseBranch,15721224,7263533.25,2887,6.583296,92.234206,Success
EXP_DBL_0483,1,thinlto-funcattrs,EarlyOtherwiseBranch,15721224,7794986.00,2690,7.083330,88.077212,Success
EXP_DBL_0484,1,vp,EarlyOtherwiseBranch,15721224,7613398.05,2754,7.099902,86.454680,Success
EXP_DBL_0485,1,whole-program-visibility,EarlyOtherwiseBranch,15721224,7224374.05,2902,6.962599,93.395696,Success
EXP_DBL_0486,1,2addr-hack,EarlyOtherwiseBranch,15721224,7286068.55,2878,6.943047,91.013958,Success
EXP_DBL_0487,1,cgp,EarlyOtherwiseBranch,15755432,7240760.20,2896,6.696952,85.152526,Success
EXP_DBL_0488,1,cgp-gc-opts,EarlyOtherwiseBranch,15721224,7011613.20,2990,6.467231,93.996471,Success
EXP_DBL_0489,1,complex-addr-modes,EarlyOtherwiseBranch,15722184,7336926.90,2858,6.952221,84.864265,Success
EXP_DBL_0490,1,dfa-sched,EarlyOtherwiseBranch,15721224,7766333.10,2700,7.279254,86.371177,Success
EXP_DBL_0491,1,i2p-p2i-opt,EarlyOtherwiseBranch,15721472,7248636.80,2893,6.747814,103.838112,Success
EXP_DBL_0492,1,mr-partial-inlining,EarlyOtherwiseBranch,15721224,7448891.90,2815,7.164320,86.564131,Success
EXP_DBL_0493,1,partial-inlining,EarlyOtherwiseBranch,15721224,7143762.55,2935,6.999304,86.936783,Success
EXP_DBL_0494,1,partial-libcall-inlining,EarlyOtherwiseBranch,15721224,7514371.50,2790,7.049275,87.086799,Success
EXP_DBL_0495,1,peephole,EarlyOtherwiseBranch,15761576,7575054.60,2768,7.128664,87.039201,Success
EXP_DBL_0496,1,post-ra,EarlyOtherwiseBranch,15721224,7407876.25,2830,6.734933,86.463961,Success
EXP_DBL_0497,1,spill-fusing,EarlyOtherwiseBranch,15742472,7313834.20,2867,6.628735,85.709505,Success
EXP_DBL_0498,1,strictnode-mutation,EarlyOtherwiseBranch,15721224,7822930.05,2680,7.056626,85.354862,Success
EXP_DBL_0499,1,binop-extract-shuffle,EnumSizeOpt,15721176,7367832.15,2846,6.807959,85.558170,Success
EXP_DBL_0500,1,expand-reductions,EnumSizeOpt,15721160,7670621.10,2734,7.204374,85.138446,Success
EXP_DBL_0501,1,interleaved-load-combine,EnumSizeOpt,15721160,7565589.65,2771,7.053827,86.475992,Success
EXP_DBL_0502,1,loop-idiom-vectorize-all,EnumSizeOpt,15721160,7560636.30,2773,7.064799,86.363700,Success
EXP_DBL_0503,1,loop-idiom-vectorize-bytecmp,EnumSizeOpt,15721160,7678940.15,2731,6.988409,83.675175,Success
EXP_DBL_0504,1,promote-alloca-to-vector,EnumSizeOpt,15721160,7438517.95,2819,7.242713,85.298269,Success
EXP_DBL_0505,1,replace-with-vec-lib,EnumSizeOpt,15721160,7082745.40,2960,6.540833,83.127870,Success
EXP_DBL_0506,1,vector-combine,EnumSizeOpt,15721176,7910722.35,2651,6.990903,77.897165,Success
EXP_DBL_0507,1,advanced-peeling,EnumSizeOpt,15719112,7387494.90,2838,6.647822,94.538136,Success
EXP_DBL_0508,1,lftr,EnumSizeOpt,15719416,8364370.35,2507,7.329256,76.642592,Success
EXP_DBL_0509,1,licm-promotion,EnumSizeOpt,15718560,7148123.50,2933,6.530685,78.985813,Success
EXP_DBL_0510,1,loop-level-heuristics,EnumSizeOpt,15721160,7388451.95,2838,6.625445,74.659910,Success
EXP_DBL_0511,1,lsr,EnumSizeOpt,15717704,7434528.85,2820,6.663757,74.287083,Success
EXP_DBL_0512,1,machine-licm,EnumSizeOpt,15709880,7740272.60,2709,7.121647,73.008873,Success
EXP_DBL_0513,1,postra-machine-licm,EnumSizeOpt,15721176,7137156.35,2938,6.380915,75.208963,Success
EXP_DBL_0514,1,preheader-prot,EnumSizeOpt,15721144,7374363.80,2843,6.625970,73.252487,Success
EXP_DBL_0515,1,block-placement,EnumSizeOpt,15663608,7487299.90,2800,6.694146,74.725264,Success
EXP_DBL_0516,1,branch-fold,EnumSizeOpt,15732424,7320162.65,2864,6.647311,73.512626,Success
EXP_DBL_0517,1,cgp-branch-opts,EnumSizeOpt,15721176,7249602.30,2892,6.547684,75.279144,Success
EXP_DBL_0518,1,cgp-select2branch,EnumSizeOpt,15720968,7205783.80,2910,6.499816,73.767140,Success
EXP_DBL_0519,1,chr,EnumSizeOpt,15721160,7056568.15,2971,6.455031,76.637795,Success
EXP_DBL_0520,1,early-ifcvt,EnumSizeOpt,15721160,7140867.45,2936,6.522026,76.268425,Success
EXP_DBL_0521,1,early-taildup,EnumSizeOpt,15719064,7102575.25,2952,6.499064,75.637494,Success
EXP_DBL_0522,1,ifcvt-diamond,EnumSizeOpt,15721160,6873626.90,3051,6.355224,74.397413,Success
EXP_DBL_0523,1,ifcvt-forked-diamond,EnumSizeOpt,15721160,7124389.15,2943,6.696837,92.724471,Success
EXP_DBL_0524,1,ifcvt-simple,EnumSizeOpt,15721160,6885405.70,3045,6.398175,76.739994,Success
EXP_DBL_0525,1,ifcvt-simple-false,EnumSizeOpt,15721160,6931013.80,3025,6.411223,73.869739,Success
EXP_DBL_0526,1,ifcvt-triangle,EnumSizeOpt,15721160,7017985.80,2988,6.485429,75.402724,Success
EXP_DBL_0527,1,ifcvt-triangle-false,EnumSizeOpt,15721160,6559390.35,3197,6.412083,73.075388,Success
EXP_DBL_0528,1,ifcvt-triangle-rev,EnumSizeOpt,15721160,7078868.65,2962,6.547972,73.969357,Success
EXP_DBL_0529,1,tail-calls,EnumSizeOpt,15721160,7067137.35,2967,6.533888,75.776444,Success
EXP_DBL_0530,1,tail-duplicate,EnumSizeOpt,15720136,6655298.80,3151,6.198516,104.548320,Success
EXP_DBL_0531,1,cgp-ext-ld-promotion,EnumSizeOpt,15721560,7637446.90,2745,7.107879,108.700283,Success
EXP_DBL_0532,1,cgp-store-extract,EnumSizeOpt,15721160,7322326.95,2864,6.816449,96.189371,Success
EXP_DBL_0533,1,memop-opt,EnumSizeOpt,15721160,6946852.20,3018,6.311892,93.487394,Success
EXP_DBL_0534,1,separate-const-offset-from-gep,EnumSizeOpt,15721160,6726693.05,3117,6.134580,102.206635,Success
EXP_DBL_0535,1,adv-copy-opt,EnumSizeOpt,15721160,6985672.00,3002,6.722583,97.431382,Success
EXP_DBL_0536,1,cgp-delete-phis,EnumSizeOpt,15721160,7218384.60,2905,6.484481,96.039363,Success
EXP_DBL_0537,1,cleanups,EnumSizeOpt,15721160,7585674.60,2764,6.793313,103.663499,Success
EXP_DBL_0538,1,constant-hoisting,EnumSizeOpt,15718584,7524253.10,2787,7.081337,100.192594,Success
EXP_DBL_0539,1,copyprop,EnumSizeOpt,15723688,7173663.05,2923,6.749197,95.703850,Success
EXP_DBL_0540,1,demotion,EnumSizeOpt,15721160,7643125.15,2743,6.982722,97.275095,Success
EXP_DBL_0541,1,gep-const-evaluation,EnumSizeOpt,15721160,7115119.50,2947,6.737701,90.486440,Success
EXP_DBL_0542,1,icp,EnumSizeOpt,15721160,7283663.85,2879,6.553008,105.055390,Success
EXP_DBL_0543,1,machine-cse,EnumSizeOpt,15725240,7456150.85,2812,6.916534,96.865554,Success
EXP_DBL_0544,1,machine-dce,EnumSizeOpt,15722696,7254808.80,2890,6.845710,93.012562,Success
EXP_DBL_0545,1,machine-sink,EnumSizeOpt,15723800,7122167.55,2944,6.660102,100.622117,Success
EXP_DBL_0546,1,mergeicmps,EnumSizeOpt,15721160,7618905.40,2752,7.125208,94.204229,Success
EXP_DBL_0547,1,non-allocatable-phys-copy-opt,EnumSizeOpt,15721160,7346823.25,2854,6.878759,91.254881,Success
EXP_DBL_0548,1,phi-elim-edge-splitting,EnumSizeOpt,15721624,7056144.30,2972,6.394835,94.782729,Success
EXP_DBL_0549,1,postra-machine-sink,EnumSizeOpt,15721448,7938636.70,2641,8.201712,103.295687,Success
EXP_DBL_0550,1,preinline,EnumSizeOpt,15721160,7209488.35,2908,6.480353,98.663240,Success
EXP_DBL_0551,1,select-optimize,EnumSizeOpt,15721160,7694430.60,2725,6.842619,105.981920,Success
EXP_DBL_0552,1,ssc,EnumSizeOpt,15726216,7507936.30,2793,7.028156,105.452375,Success
EXP_DBL_0553,1,type-promotion,EnumSizeOpt,15721160,8411776.75,2493,7.704565,113.712568,Success
EXP_DBL_0554,1,auto-upgrade-debug-info,EnumSizeOpt,15721160,7652183.80,2740,7.185673,113.186096,Success
EXP_DBL_0555,1,bitcode-version-upgrade,EnumSizeOpt,15721160,7696895.15,2724,7.051459,145.818693,Success
EXP_DBL_0556,1,cfi-fixup,EnumSizeOpt,15721160,7461497.60,2810,7.138320,113.353891,Success
EXP_DBL_0557,1,cgdata-for-merging,EnumSizeOpt,15721160,8194716.90,2559,7.423171,109.819617,Success
EXP_DBL_0558,1,global-outlining,EnumSizeOpt,15721160,7483527.75,2802,6.705834,104.341056,Success
EXP_DBL_0559,1,last-run-tracking,EnumSizeOpt,15721160,7628894.70,2748,7.038805,104.755715,Success
EXP_DBL_0560,1,layout-fsprofile-loader,EnumSizeOpt,15721160,7526563.35,2786,6.991338,108.350920,Success
EXP_DBL_0561,1,nofree-inference,EnumSizeOpt,15721160,7088840.90,2958,6.644015,106.227197,Success
EXP_DBL_0562,1,nounwind-inference,EnumSizeOpt,15744128,7922693.95,2647,7.523170,114.503932,Success
EXP_DBL_0563,1,ondemand-mds-loading,EnumSizeOpt,15721160,7901087.65,2654,7.563831,111.968614,Success
EXP_DBL_0564,1,ra-fsprofile-loader,EnumSizeOpt,15721160,8202023.15,2556,7.971132,118.087583,Success
EXP_DBL_0565,1,sample-loader-inlining,EnumSizeOpt,15721160,8076761.00,2596,7.872090,108.194349,Success
EXP_DBL_0566,1,thinlto-funcattrs,EnumSizeOpt,15721160,8299855.00,2526,7.413389,102.338385,Success
EXP_DBL_0567,1,vp,EnumSizeOpt,15721160,7971152.35,2630,7.791074,108.561889,Success
